treatment_variant,treatment_role,treatment_family,target,outcome,horizon,beta,se,lower95,upper95,n,spec_name,shock_column,decomposition_mode,outcome_construction,inference_method
broad_depository,exploratory,measurement,tdc_broad_depository_qoq,tdc_broad_depository_qoq,0,44.763999175858444,22.04978474342404,16.79437752690452,86.7855706467259,67,identity_measurement_ladder,tdc_broad_depository_residual_z,exact_identity_baseline,estimated_common_design,circular_block_bootstrap_4q_40reps
broad_depository,exploratory,measurement,tdc_broad_depository_qoq,total_deposits_bank_qoq,0,29.388253938046024,13.059553705638164,11.419521519761961,60.16205602191386,67,identity_measurement_ladder,tdc_broad_depository_residual_z,exact_identity_baseline,estimated_common_design,circular_block_bootstrap_4q_40reps
broad_depository,exploratory,measurement,tdc_broad_depository_qoq,other_component_qoq,0,-15.37574523781242,19.38295171436612,-66.45205117713527,4.299721629908531,67,identity_measurement_ladder,tdc_broad_depository_residual_z,exact_identity_baseline,derived_total_minus_tdc,circular_block_bootstrap_4q_40reps
broad_depository,exploratory,measurement,tdc_broad_depository_qoq,tdc_broad_depository_qoq,1,63.42541222426287,41.30345313575511,19.937312663093568,138.14577151326498,66,identity_measurement_ladder,tdc_broad_depository_residual_z,exact_identity_baseline,estimated_common_design,circular_block_bootstrap_4q_40reps
broad_depository,exploratory,measurement,tdc_broad_depository_qoq,total_deposits_bank_qoq,1,56.83903291013173,47.434437752324314,11.895439685548556,170.4775992492542,66,identity_measurement_ladder,tdc_broad_depository_residual_z,exact_identity_baseline,estimated_common_design,circular_block_bootstrap_4q_40reps
broad_depository,exploratory,measurement,tdc_broad_depository_qoq,other_component_qoq,1,-6.586379314131143,33.176120856540805,-77.97699031599922,52.11820522959634,66,identity_measurement_ladder,tdc_broad_depository_residual_z,exact_identity_baseline,derived_total_minus_tdc,circular_block_bootstrap_4q_40reps
broad_depository,exploratory,measurement,tdc_broad_depository_qoq,tdc_broad_depository_qoq,2,79.44542763291622,44.82208800890954,21.34658882690232,200.4568625561483,65,identity_measurement_ladder,tdc_broad_depository_residual_z,exact_identity_baseline,estimated_common_design,circular_block_bootstrap_4q_40reps
broad_depository,exploratory,measurement,tdc_broad_depository_qoq,total_deposits_bank_qoq,2,69.67889478995248,52.70958188837803,23.60065702931268,245.95913219033847,65,identity_measurement_ladder,tdc_broad_depository_residual_z,exact_identity_baseline,estimated_common_design,circular_block_bootstrap_4q_40reps
broad_depository,exploratory,measurement,tdc_broad_depository_qoq,other_component_qoq,2,-9.766532842963741,30.590825750369717,-60.30890698301416,57.8338132047785,65,identity_measurement_ladder,tdc_broad_depository_residual_z,exact_identity_baseline,derived_total_minus_tdc,circular_block_bootstrap_4q_40reps
broad_depository,exploratory,measurement,tdc_broad_depository_qoq,tdc_broad_depository_qoq,3,70.76686548287935,57.77798811023675,-5.489080820004058,182.7845875636958,64,identity_measurement_ladder,tdc_broad_depository_residual_z,exact_identity_baseline,estimated_common_design,circular_block_bootstrap_4q_40reps
broad_depository,exploratory,measurement,tdc_broad_depository_qoq,total_deposits_bank_qoq,3,89.2031652968822,60.90990810372813,2.2439498624719563,214.82984947947256,64,identity_measurement_ladder,tdc_broad_depository_residual_z,exact_identity_baseline,estimated_common_design,circular_block_bootstrap_4q_40reps
broad_depository,exploratory,measurement,tdc_broad_depository_qoq,other_component_qoq,3,18.43629981400285,26.56633667025522,-39.25544393388876,59.948031125604736,64,identity_measurement_ladder,tdc_broad_depository_residual_z,exact_identity_baseline,derived_total_minus_tdc,circular_block_bootstrap_4q_40reps
broad_depository,exploratory,measurement,tdc_broad_depository_qoq,tdc_broad_depository_qoq,4,92.91147368864301,41.609395068964375,19.56780960105108,172.0803148499795,63,identity_measurement_ladder,tdc_broad_depository_residual_z,exact_identity_baseline,estimated_common_design,circular_block_bootstrap_4q_40reps
broad_depository,exploratory,measurement,tdc_broad_depository_qoq,total_deposits_bank_qoq,4,104.53789362121545,41.76266255846329,21.726855223631134,152.42856100158772,63,identity_measurement_ladder,tdc_broad_depository_residual_z,exact_identity_baseline,estimated_common_design,circular_block_bootstrap_4q_40reps
broad_depository,exploratory,measurement,tdc_broad_depository_qoq,other_component_qoq,4,11.626419932572432,21.10848065552032,-41.49866139022452,35.39506252185414,63,identity_measurement_ladder,tdc_broad_depository_residual_z,exact_identity_baseline,derived_total_minus_tdc,circular_block_bootstrap_4q_40reps
broad_depository,exploratory,measurement,tdc_broad_depository_qoq,tdc_broad_depository_qoq,5,99.82506471570417,86.51032026365901,8.215153373521836,288.2151370018651,62,identity_measurement_ladder,tdc_broad_depository_residual_z,exact_identity_baseline,estimated_common_design,circular_block_bootstrap_4q_40reps
broad_depository,exploratory,measurement,tdc_broad_depository_qoq,total_deposits_bank_qoq,5,110.91467496439245,84.53138084959836,-1.2217210935096996,266.46747298910327,62,identity_measurement_ladder,tdc_broad_depository_residual_z,exact_identity_baseline,estimated_common_design,circular_block_bootstrap_4q_40reps
broad_depository,exploratory,measurement,tdc_broad_depository_qoq,other_component_qoq,5,11.089610248688274,27.40859328068216,-51.13409551018574,49.353937550072864,62,identity_measurement_ladder,tdc_broad_depository_residual_z,exact_identity_baseline,derived_total_minus_tdc,circular_block_bootstrap_4q_40reps
broad_depository,exploratory,measurement,tdc_broad_depository_qoq,tdc_broad_depository_qoq,6,128.6705179667435,93.03293442144208,13.960632192296446,342.24272875002754,61,identity_measurement_ladder,tdc_broad_depository_residual_z,exact_identity_baseline,estimated_common_design,circular_block_bootstrap_4q_40reps
broad_depository,exploratory,measurement,tdc_broad_depository_qoq,total_deposits_bank_qoq,6,109.30168917417164,76.51821087331048,11.404830775721392,276.59900107870993,61,identity_measurement_ladder,tdc_broad_depository_residual_z,exact_identity_baseline,estimated_common_design,circular_block_bootstrap_4q_40reps
broad_depository,exploratory,measurement,tdc_broad_depository_qoq,other_component_qoq,6,-19.368828792571847,25.579275069348473,-67.6025338990843,10.620358770642357,61,identity_measurement_ladder,tdc_broad_depository_residual_z,exact_identity_baseline,derived_total_minus_tdc,circular_block_bootstrap_4q_40reps
broad_depository,exploratory,measurement,tdc_broad_depository_qoq,tdc_broad_depository_qoq,7,129.3342263975868,123.12803605623876,24.33253162924261,438.51742790484786,60,identity_measurement_ladder,tdc_broad_depository_residual_z,exact_identity_baseline,estimated_common_design,circular_block_bootstrap_4q_40reps
broad_depository,exploratory,measurement,tdc_broad_depository_qoq,total_deposits_bank_qoq,7,112.8868147650921,100.60854962724488,3.8421521047207547,327.71926691000715,60,identity_measurement_ladder,tdc_broad_depository_residual_z,exact_identity_baseline,estimated_common_design,circular_block_bootstrap_4q_40reps
broad_depository,exploratory,measurement,tdc_broad_depository_qoq,other_component_qoq,7,-16.447411632494706,38.32930378585542,-99.3731451405843,48.406330749634364,60,identity_measurement_ladder,tdc_broad_depository_residual_z,exact_identity_baseline,derived_total_minus_tdc,circular_block_bootstrap_4q_40reps
broad_depository,exploratory,measurement,tdc_broad_depository_qoq,tdc_broad_depository_qoq,8,137.12249149961025,91.70071307502316,-9.236159721336735,299.10582502876235,59,identity_measurement_ladder,tdc_broad_depository_residual_z,exact_identity_baseline,estimated_common_design,circular_block_bootstrap_4q_40reps
broad_depository,exploratory,measurement,tdc_broad_depository_qoq,total_deposits_bank_qoq,8,117.5557917881725,68.93555851396691,4.171589762196812,282.5762518558641,59,identity_measurement_ladder,tdc_broad_depository_residual_z,exact_identity_baseline,estimated_common_design,circular_block_bootstrap_4q_40reps
broad_depository,exploratory,measurement,tdc_broad_depository_qoq,other_component_qoq,8,-19.56669971143775,49.35711271632217,-151.47549159791546,14.24770476054792,59,identity_measurement_ladder,tdc_broad_depository_residual_z,exact_identity_baseline,derived_total_minus_tdc,circular_block_bootstrap_4q_40reps
domestic_bank_only,exploratory,measurement,tdc_domestic_bank_only_qoq,tdc_domestic_bank_only_qoq,0,94.65948511952615,14.351472104730002,67.41206354308348,117.72666917964558,72,identity_measurement_ladder,tdc_domestic_bank_only_residual_z,exact_identity_baseline,estimated_common_design,circular_block_bootstrap_4q_40reps
domestic_bank_only,exploratory,measurement,tdc_domestic_bank_only_qoq,total_deposits_bank_qoq,0,44.16324362164723,19.15447740328824,11.959165863723381,75.91987922896618,72,identity_measurement_ladder,tdc_domestic_bank_only_residual_z,exact_identity_baseline,estimated_common_design,circular_block_bootstrap_4q_40reps
domestic_bank_only,exploratory,measurement,tdc_domestic_bank_only_qoq,other_component_qoq,0,-50.49624149787892,14.767117524540277,-78.45788811563614,-28.945939598108186,72,identity_measurement_ladder,tdc_domestic_bank_only_residual_z,exact_identity_baseline,derived_total_minus_tdc,circular_block_bootstrap_4q_40reps
domestic_bank_only,exploratory,measurement,tdc_domestic_bank_only_qoq,tdc_domestic_bank_only_qoq,1,129.63557552671045,32.57143013607167,87.19368033985877,188.1489130474654,71,identity_measurement_ladder,tdc_domestic_bank_only_residual_z,exact_identity_baseline,estimated_common_design,circular_block_bootstrap_4q_40reps
domestic_bank_only,exploratory,measurement,tdc_domestic_bank_only_qoq,total_deposits_bank_qoq,1,82.25867117256216,50.31509257007533,-10.198924911626086,165.78060389407966,71,identity_measurement_ladder,tdc_domestic_bank_only_residual_z,exact_identity_baseline,estimated_common_design,circular_block_bootstrap_4q_40reps
domestic_bank_only,exploratory,measurement,tdc_domestic_bank_only_qoq,other_component_qoq,1,-47.376904354148294,39.71021128740363,-121.74068291395812,10.421404324543417,71,identity_measurement_ladder,tdc_domestic_bank_only_residual_z,exact_identity_baseline,derived_total_minus_tdc,circular_block_bootstrap_4q_40reps
domestic_bank_only,exploratory,measurement,tdc_domestic_bank_only_qoq,tdc_domestic_bank_only_qoq,2,164.87699833268053,45.98595633553233,84.92114966165185,236.41984523771487,70,identity_measurement_ladder,tdc_domestic_bank_only_residual_z,exact_identity_baseline,estimated_common_design,circular_block_bootstrap_4q_40reps
domestic_bank_only,exploratory,measurement,tdc_domestic_bank_only_qoq,total_deposits_bank_qoq,2,92.39449277970517,75.85119748214709,-65.65447043368384,208.56583715429954,70,identity_measurement_ladder,tdc_domestic_bank_only_residual_z,exact_identity_baseline,estimated_common_design,circular_block_bootstrap_4q_40reps
domestic_bank_only,exploratory,measurement,tdc_domestic_bank_only_qoq,other_component_qoq,2,-72.48250555297535,50.84664067762897,-160.18277615490848,14.10732510473977,70,identity_measurement_ladder,tdc_domestic_bank_only_residual_z,exact_identity_baseline,derived_total_minus_tdc,circular_block_bootstrap_4q_40reps
domestic_bank_only,exploratory,measurement,tdc_domestic_bank_only_qoq,tdc_domestic_bank_only_qoq,3,163.52037428006398,46.940477606741275,62.64037766028723,240.93782320969294,69,identity_measurement_ladder,tdc_domestic_bank_only_residual_z,exact_identity_baseline,estimated_common_design,circular_block_bootstrap_4q_40reps
domestic_bank_only,exploratory,measurement,tdc_domestic_bank_only_qoq,total_deposits_bank_qoq,3,113.28442177879279,67.93481347870852,-22.37379110584737,210.77260502872548,69,identity_measurement_ladder,tdc_domestic_bank_only_residual_z,exact_identity_baseline,estimated_common_design,circular_block_bootstrap_4q_40reps
domestic_bank_only,exploratory,measurement,tdc_domestic_bank_only_qoq,other_component_qoq,3,-50.235952501271186,42.15752458360794,-128.09003006987638,15.552562620322627,69,identity_measurement_ladder,tdc_domestic_bank_only_residual_z,exact_identity_baseline,derived_total_minus_tdc,circular_block_bootstrap_4q_40reps
domestic_bank_only,exploratory,measurement,tdc_domestic_bank_only_qoq,tdc_domestic_bank_only_qoq,4,189.44625699256096,80.2176970166882,32.224583278903296,304.99880877926694,68,identity_measurement_ladder,tdc_domestic_bank_only_residual_z,exact_identity_baseline,estimated_common_design,circular_block_bootstrap_4q_40reps
domestic_bank_only,exploratory,measurement,tdc_domestic_bank_only_qoq,total_deposits_bank_qoq,4,148.2414402461469,97.3778875955866,-65.02467412308246,293.04739820361743,68,identity_measurement_ladder,tdc_domestic_bank_only_residual_z,exact_identity_baseline,estimated_common_design,circular_block_bootstrap_4q_40reps
domestic_bank_only,exploratory,measurement,tdc_domestic_bank_only_qoq,other_component_qoq,4,-41.20481674641405,37.23223618652524,-133.27537151913046,14.087139009831589,68,identity_measurement_ladder,tdc_domestic_bank_only_residual_z,exact_identity_baseline,derived_total_minus_tdc,circular_block_bootstrap_4q_40reps
domestic_bank_only,exploratory,measurement,tdc_domestic_bank_only_qoq,tdc_domestic_bank_only_qoq,5,201.95997943007342,91.29627244677418,18.011072632912537,321.4568583935601,67,identity_measurement_ladder,tdc_domestic_bank_only_residual_z,exact_identity_baseline,estimated_common_design,circular_block_bootstrap_4q_40reps
domestic_bank_only,exploratory,measurement,tdc_domestic_bank_only_qoq,total_deposits_bank_qoq,5,152.2198264480182,89.4974091963524,-44.66723948958163,287.5467685612635,67,identity_measurement_ladder,tdc_domestic_bank_only_residual_z,exact_identity_baseline,estimated_common_design,circular_block_bootstrap_4q_40reps
domestic_bank_only,exploratory,measurement,tdc_domestic_bank_only_qoq,other_component_qoq,5,-49.74015298205521,27.953384087910628,-133.123396918717,-8.325561001176778,67,identity_measurement_ladder,tdc_domestic_bank_only_residual_z,exact_identity_baseline,derived_total_minus_tdc,circular_block_bootstrap_4q_40reps
domestic_bank_only,exploratory,measurement,tdc_domestic_bank_only_qoq,tdc_domestic_bank_only_qoq,6,237.37948869510166,104.72902301263925,57.03458845585989,409.55924630716794,66,identity_measurement_ladder,tdc_domestic_bank_only_residual_z,exact_identity_baseline,estimated_common_design,circular_block_bootstrap_4q_40reps
domestic_bank_only,exploratory,measurement,tdc_domestic_bank_only_qoq,total_deposits_bank_qoq,6,160.0330044927742,94.13565133141499,2.7594484478008092,294.51056333039094,66,identity_measurement_ladder,tdc_domestic_bank_only_residual_z,exact_identity_baseline,estimated_common_design,circular_block_bootstrap_4q_40reps
domestic_bank_only,exploratory,measurement,tdc_domestic_bank_only_qoq,other_component_qoq,6,-77.34648420232745,32.444424530358226,-166.53894182488935,-53.42640871207873,66,identity_measurement_ladder,tdc_domestic_bank_only_residual_z,exact_identity_baseline,derived_total_minus_tdc,circular_block_bootstrap_4q_40reps
domestic_bank_only,exploratory,measurement,tdc_domestic_bank_only_qoq,tdc_domestic_bank_only_qoq,7,244.40588549523935,116.76179377083996,25.858815586410973,380.6265332082387,65,identity_measurement_ladder,tdc_domestic_bank_only_residual_z,exact_identity_baseline,estimated_common_design,circular_block_bootstrap_4q_40reps
domestic_bank_only,exploratory,measurement,tdc_domestic_bank_only_qoq,total_deposits_bank_qoq,7,180.6214496173047,92.29811364495134,-7.441300701588828,277.0619935460728,65,identity_measurement_ladder,tdc_domestic_bank_only_residual_z,exact_identity_baseline,estimated_common_design,circular_block_bootstrap_4q_40reps
domestic_bank_only,exploratory,measurement,tdc_domestic_bank_only_qoq,other_component_qoq,7,-63.78443587793464,48.364566786881845,-160.34546254290836,16.873711261206726,65,identity_measurement_ladder,tdc_domestic_bank_only_residual_z,exact_identity_baseline,derived_total_minus_tdc,circular_block_bootstrap_4q_40reps
domestic_bank_only,exploratory,measurement,tdc_domestic_bank_only_qoq,tdc_domestic_bank_only_qoq,8,258.08093389771716,107.94357425764919,32.30461769720974,415.2452828011681,64,identity_measurement_ladder,tdc_domestic_bank_only_residual_z,exact_identity_baseline,estimated_common_design,circular_block_bootstrap_4q_40reps
domestic_bank_only,exploratory,measurement,tdc_domestic_bank_only_qoq,total_deposits_bank_qoq,8,199.27169521393702,99.10675107236253,6.213612740430435,332.8155138645264,64,identity_measurement_ladder,tdc_domestic_bank_only_residual_z,exact_identity_baseline,estimated_common_design,circular_block_bootstrap_4q_40reps
domestic_bank_only,exploratory,measurement,tdc_domestic_bank_only_qoq,other_component_qoq,8,-58.80923868378014,46.4899750067038,-166.04972957369696,4.295309855182861,64,identity_measurement_ladder,tdc_domestic_bank_only_residual_z,exact_identity_baseline,derived_total_minus_tdc,circular_block_bootstrap_4q_40reps
us_chartered_bank_only,exploratory,measurement,tdc_us_chartered_bank_only_qoq,tdc_us_chartered_bank_only_qoq,0,120.31046973358676,15.418466533386972,91.3223680836745,146.74542900341854,68,identity_measurement_ladder,tdc_us_chartered_bank_only_residual_z,exact_identity_baseline,estimated_common_design,circular_block_bootstrap_4q_40reps
us_chartered_bank_only,exploratory,measurement,tdc_us_chartered_bank_only_qoq,total_deposits_bank_qoq,0,57.196438848552916,22.734230202453148,20.235863704332193,96.71135324857228,68,identity_measurement_ladder,tdc_us_chartered_bank_only_residual_z,exact_identity_baseline,estimated_common_design,circular_block_bootstrap_4q_40reps
us_chartered_bank_only,exploratory,measurement,tdc_us_chartered_bank_only_qoq,other_component_qoq,0,-63.11403088503384,21.463645856022264,-100.54492747501804,-26.370829767199105,68,identity_measurement_ladder,tdc_us_chartered_bank_only_residual_z,exact_identity_baseline,derived_total_minus_tdc,circular_block_bootstrap_4q_40reps
us_chartered_bank_only,exploratory,measurement,tdc_us_chartered_bank_only_qoq,tdc_us_chartered_bank_only_qoq,1,165.958821839889,29.69306471835332,121.50264343534785,237.63924006995612,67,identity_measurement_ladder,tdc_us_chartered_bank_only_residual_z,exact_identity_baseline,estimated_common_design,circular_block_bootstrap_4q_40reps
us_chartered_bank_only,exploratory,measurement,tdc_us_chartered_bank_only_qoq,total_deposits_bank_qoq,1,122.47333514549469,60.44240948742666,15.294815733533719,211.56812684314798,67,identity_measurement_ladder,tdc_us_chartered_bank_only_residual_z,exact_identity_baseline,estimated_common_design,circular_block_bootstrap_4q_40reps
us_chartered_bank_only,exploratory,measurement,tdc_us_chartered_bank_only_qoq,other_component_qoq,1,-43.48548669439431,63.59147935064922,-151.75320741967468,67.55199848734856,67,identity_measurement_ladder,tdc_us_chartered_bank_only_residual_z,exact_identity_baseline,derived_total_minus_tdc,circular_block_bootstrap_4q_40reps
us_chartered_bank_only,exploratory,measurement,tdc_us_chartered_bank_only_qoq,tdc_us_chartered_bank_only_qoq,2,211.04848756832206,46.84074006514892,126.53043136113116,290.9346189448139,66,identity_measurement_ladder,tdc_us_chartered_bank_only_residual_z,exact_identity_baseline,estimated_common_design,circular_block_bootstrap_4q_40reps
us_chartered_bank_only,exploratory,measurement,tdc_us_chartered_bank_only_qoq,total_deposits_bank_qoq,2,147.9213785141115,65.7016752646066,-36.100502609336324,219.5886322135778,66,identity_measurement_ladder,tdc_us_chartered_bank_only_residual_z,exact_identity_baseline,estimated_common_design,circular_block_bootstrap_4q_40reps
us_chartered_bank_only,exploratory,measurement,tdc_us_chartered_bank_only_qoq,other_component_qoq,2,-63.127109054210564,58.120067119413434,-165.81142518978473,30.523879836075047,66,identity_measurement_ladder,tdc_us_chartered_bank_only_residual_z,exact_identity_baseline,derived_total_minus_tdc,circular_block_bootstrap_4q_40reps
us_chartered_bank_only,exploratory,measurement,tdc_us_chartered_bank_only_qoq,tdc_us_chartered_bank_only_qoq,3,207.24588077305788,57.46531211718191,135.79842101430157,337.54949304500457,65,identity_measurement_ladder,tdc_us_chartered_bank_only_residual_z,exact_identity_baseline,estimated_common_design,circular_block_bootstrap_4q_40reps
us_chartered_bank_only,exploratory,measurement,tdc_us_chartered_bank_only_qoq,total_deposits_bank_qoq,3,170.80787726108167,57.034294033269134,33.78955711631841,219.22716127266463,65,identity_measurement_ladder,tdc_us_chartered_bank_only_residual_z,exact_identity_baseline,estimated_common_design,circular_block_bootstrap_4q_40reps
us_chartered_bank_only,exploratory,measurement,tdc_us_chartered_bank_only_qoq,other_component_qoq,3,-36.438003511976206,57.344923219204965,-170.15776991341696,42.525879921296706,65,identity_measurement_ladder,tdc_us_chartered_bank_only_residual_z,exact_identity_baseline,derived_total_minus_tdc,circular_block_bootstrap_4q_40reps
us_chartered_bank_only,exploratory,measurement,tdc_us_chartered_bank_only_qoq,tdc_us_chartered_bank_only_qoq,4,241.19036809969694,69.25634276880213,69.22711628848835,312.9706056550615,64,identity_measurement_ladder,tdc_us_chartered_bank_only_residual_z,exact_identity_baseline,estimated_common_design,circular_block_bootstrap_4q_40reps
us_chartered_bank_only,exploratory,measurement,tdc_us_chartered_bank_only_qoq,total_deposits_bank_qoq,4,194.00470671180636,84.43110723348282,30.52169867083406,305.2922732296016,64,identity_measurement_ladder,tdc_us_chartered_bank_only_residual_z,exact_identity_baseline,estimated_common_design,circular_block_bootstrap_4q_40reps
us_chartered_bank_only,exploratory,measurement,tdc_us_chartered_bank_only_qoq,other_component_qoq,4,-47.185661387890576,36.09297968208786,-108.41890860023707,4.6542265998590535,64,identity_measurement_ladder,tdc_us_chartered_bank_only_residual_z,exact_identity_baseline,derived_total_minus_tdc,circular_block_bootstrap_4q_40reps
us_chartered_bank_only,exploratory,measurement,tdc_us_chartered_bank_only_qoq,tdc_us_chartered_bank_only_qoq,5,251.21965976741288,79.439280666805,59.15984226887545,377.7838347549802,63,identity_measurement_ladder,tdc_us_chartered_bank_only_residual_z,exact_identity_baseline,estimated_common_design,circular_block_bootstrap_4q_40reps
us_chartered_bank_only,exploratory,measurement,tdc_us_chartered_bank_only_qoq,total_deposits_bank_qoq,5,174.4202006887617,95.04954929803806,19.065536003088685,327.3538647236671,63,identity_measurement_ladder,tdc_us_chartered_bank_only_residual_z,exact_identity_baseline,estimated_common_design,circular_block_bootstrap_4q_40reps
us_chartered_bank_only,exploratory,measurement,tdc_us_chartered_bank_only_qoq,other_component_qoq,5,-76.79945907865118,39.15636578451863,-157.0339163647867,-31.030402944279185,63,identity_measurement_ladder,tdc_us_chartered_bank_only_residual_z,exact_identity_baseline,derived_total_minus_tdc,circular_block_bootstrap_4q_40reps
us_chartered_bank_only,exploratory,measurement,tdc_us_chartered_bank_only_qoq,tdc_us_chartered_bank_only_qoq,6,294.6904757721822,97.83326068738297,87.14258047937146,436.4303704251796,62,identity_measurement_ladder,tdc_us_chartered_bank_only_residual_z,exact_identity_baseline,estimated_common_design,circular_block_bootstrap_4q_40reps
us_chartered_bank_only,exploratory,measurement,tdc_us_chartered_bank_only_qoq,total_deposits_bank_qoq,6,161.27293047522156,89.85402456357076,-7.0807798067067775,302.75930018965187,62,identity_measurement_ladder,tdc_us_chartered_bank_only_residual_z,exact_identity_baseline,estimated_common_design,circular_block_bootstrap_4q_40reps
us_chartered_bank_only,exploratory,measurement,tdc_us_chartered_bank_only_qoq,other_component_qoq,6,-133.41754529696064,40.22325631900262,-220.9690574875372,-66.61937600523004,62,identity_measurement_ladder,tdc_us_chartered_bank_only_residual_z,exact_identity_baseline,derived_total_minus_tdc,circular_block_bootstrap_4q_40reps
us_chartered_bank_only,exploratory,measurement,tdc_us_chartered_bank_only_qoq,tdc_us_chartered_bank_only_qoq,7,294.2214600042983,123.58383631740189,61.76832521781636,446.92441908674226,61,identity_measurement_ladder,tdc_us_chartered_bank_only_residual_z,exact_identity_baseline,estimated_common_design,circular_block_bootstrap_4q_40reps
us_chartered_bank_only,exploratory,measurement,tdc_us_chartered_bank_only_qoq,total_deposits_bank_qoq,7,169.20680879813273,133.04458882789416,-34.30244718741513,358.34544707384816,61,identity_measurement_ladder,tdc_us_chartered_bank_only_residual_z,exact_identity_baseline,estimated_common_design,circular_block_bootstrap_4q_40reps
us_chartered_bank_only,exploratory,measurement,tdc_us_chartered_bank_only_qoq,other_component_qoq,7,-125.01465120616558,51.62392244341671,-216.63439071391142,-47.058767953767045,61,identity_measurement_ladder,tdc_us_chartered_bank_only_residual_z,exact_identity_baseline,derived_total_minus_tdc,circular_block_bootstrap_4q_40reps
us_chartered_bank_only,exploratory,measurement,tdc_us_chartered_bank_only_qoq,tdc_us_chartered_bank_only_qoq,8,295.32406174402684,108.63283117700286,48.02222421024342,459.2611125826095,60,identity_measurement_ladder,tdc_us_chartered_bank_only_residual_z,exact_identity_baseline,estimated_common_design,circular_block_bootstrap_4q_40reps
us_chartered_bank_only,exploratory,measurement,tdc_us_chartered_bank_only_qoq,total_deposits_bank_qoq,8,169.38853036753068,103.25603729659383,-20.50213557309939,314.2966766352245,60,identity_measurement_ladder,tdc_us_chartered_bank_only_residual_z,exact_identity_baseline,estimated_common_design,circular_block_bootstrap_4q_40reps
us_chartered_bank_only,exploratory,measurement,tdc_us_chartered_bank_only_qoq,other_component_qoq,8,-125.93553137649616,58.64848298438561,-276.1767294632362,-47.01389157680968,60,identity_measurement_ladder,tdc_us_chartered_bank_only_residual_z,exact_identity_baseline,derived_total_minus_tdc,circular_block_bootstrap_4q_40reps
core_deposit_proximate,exploratory,measurement,tdc_core_deposit_proximate_bank_only_qoq,tdc_core_deposit_proximate_bank_only_qoq,0,63.09748937989388,9.647099650171421,45.979089751173355,81.87067316969394,68,identity_measurement_ladder,tdc_core_deposit_proximate_bank_only_residual_z,exact_identity_baseline,estimated_common_design,circular_block_bootstrap_4q_40reps
core_deposit_proximate,exploratory,measurement,tdc_core_deposit_proximate_bank_only_qoq,total_deposits_bank_qoq,0,57.586784171418266,25.621839782440098,-14.974425269217232,84.10880157097037,68,identity_measurement_ladder,tdc_core_deposit_proximate_bank_only_residual_z,exact_identity_baseline,estimated_common_design,circular_block_bootstrap_4q_40reps
core_deposit_proximate,exploratory,measurement,tdc_core_deposit_proximate_bank_only_qoq,other_component_qoq,0,-5.510705208475613,19.187558647105583,-60.95351502039059,11.388015353672298,68,identity_measurement_ladder,tdc_core_deposit_proximate_bank_only_residual_z,exact_identity_baseline,derived_total_minus_tdc,circular_block_bootstrap_4q_40reps
core_deposit_proximate,exploratory,measurement,tdc_core_deposit_proximate_bank_only_qoq,tdc_core_deposit_proximate_bank_only_qoq,1,141.60356157148144,21.107932131038222,85.71851837028512,158.94875919823374,67,identity_measurement_ladder,tdc_core_deposit_proximate_bank_only_residual_z,exact_identity_baseline,estimated_common_design,circular_block_bootstrap_4q_40reps
core_deposit_proximate,exploratory,measurement,tdc_core_deposit_proximate_bank_only_qoq,total_deposits_bank_qoq,1,117.88693172787245,40.156010182441754,15.879424760371904,147.75250113146134,67,identity_measurement_ladder,tdc_core_deposit_proximate_bank_only_residual_z,exact_identity_baseline,estimated_common_design,circular_block_bootstrap_4q_40reps
core_deposit_proximate,exploratory,measurement,tdc_core_deposit_proximate_bank_only_qoq,other_component_qoq,1,-23.716629843608985,22.050510670694727,-89.73838298772162,-3.768171941542086,67,identity_measurement_ladder,tdc_core_deposit_proximate_bank_only_residual_z,exact_identity_baseline,derived_total_minus_tdc,circular_block_bootstrap_4q_40reps
core_deposit_proximate,exploratory,measurement,tdc_core_deposit_proximate_bank_only_qoq,tdc_core_deposit_proximate_bank_only_qoq,2,180.80495234925277,34.676578614530065,90.40357500473161,252.92688742627067,66,identity_measurement_ladder,tdc_core_deposit_proximate_bank_only_residual_z,exact_identity_baseline,estimated_common_design,circular_block_bootstrap_4q_40reps
core_deposit_proximate,exploratory,measurement,tdc_core_deposit_proximate_bank_only_qoq,total_deposits_bank_qoq,2,136.38703784837247,37.913446772993815,25.098080329056643,185.2702487183084,66,identity_measurement_ladder,tdc_core_deposit_proximate_bank_only_residual_z,exact_identity_baseline,estimated_common_design,circular_block_bootstrap_4q_40reps
core_deposit_proximate,exploratory,measurement,tdc_core_deposit_proximate_bank_only_qoq,other_component_qoq,2,-44.4179145008803,12.738300185710806,-70.4792383605945,-25.74020388068666,66,identity_measurement_ladder,tdc_core_deposit_proximate_bank_only_residual_z,exact_identity_baseline,derived_total_minus_tdc,circular_block_bootstrap_4q_40reps
core_deposit_proximate,exploratory,measurement,tdc_core_deposit_proximate_bank_only_qoq,tdc_core_deposit_proximate_bank_only_qoq,3,202.50700239105151,49.938864346266385,77.85590492835006,259.9614238273341,65,identity_measurement_ladder,tdc_core_deposit_proximate_bank_only_residual_z,exact_identity_baseline,estimated_common_design,circular_block_bootstrap_4q_40reps
core_deposit_proximate,exploratory,measurement,tdc_core_deposit_proximate_bank_only_qoq,total_deposits_bank_qoq,3,159.77138009594103,51.688225920754626,46.38154245006443,223.25987795121472,65,identity_measurement_ladder,tdc_core_deposit_proximate_bank_only_residual_z,exact_identity_baseline,estimated_common_design,circular_block_bootstrap_4q_40reps
core_deposit_proximate,exploratory,measurement,tdc_core_deposit_proximate_bank_only_qoq,other_component_qoq,3,-42.73562229511049,18.661011879939668,-83.17353683515996,-16.47556101999014,65,identity_measurement_ladder,tdc_core_deposit_proximate_bank_only_residual_z,exact_identity_baseline,derived_total_minus_tdc,circular_block_bootstrap_4q_40reps
core_deposit_proximate,exploratory,measurement,tdc_core_deposit_proximate_bank_only_qoq,tdc_core_deposit_proximate_bank_only_qoq,4,212.64273586591287,73.6469812715025,32.324265225004346,234.8163841577352,64,identity_measurement_ladder,tdc_core_deposit_proximate_bank_only_residual_z,exact_identity_baseline,estimated_common_design,circular_block_bootstrap_4q_40reps
core_deposit_proximate,exploratory,measurement,tdc_core_deposit_proximate_bank_only_qoq,total_deposits_bank_qoq,4,169.47215383011346,95.15389047633046,-54.63859111777944,216.41588377739498,64,identity_measurement_ladder,tdc_core_deposit_proximate_bank_only_residual_z,exact_identity_baseline,estimated_common_design,circular_block_bootstrap_4q_40reps
core_deposit_proximate,exploratory,measurement,tdc_core_deposit_proximate_bank_only_qoq,other_component_qoq,4,-43.17058203579941,35.95910754989845,-128.8710934293721,-17.008171090680364,64,identity_measurement_ladder,tdc_core_deposit_proximate_bank_only_residual_z,exact_identity_baseline,derived_total_minus_tdc,circular_block_bootstrap_4q_40reps
core_deposit_proximate,exploratory,measurement,tdc_core_deposit_proximate_bank_only_qoq,tdc_core_deposit_proximate_bank_only_qoq,5,218.71137158889053,63.844690903195726,39.857981588312825,300.39131872295485,63,identity_measurement_ladder,tdc_core_deposit_proximate_bank_only_residual_z,exact_identity_baseline,estimated_common_design,circular_block_bootstrap_4q_40reps
core_deposit_proximate,exploratory,measurement,tdc_core_deposit_proximate_bank_only_qoq,total_deposits_bank_qoq,5,162.21301838602992,75.53312228706534,-16.76863052816935,245.26655967780738,63,identity_measurement_ladder,tdc_core_deposit_proximate_bank_only_residual_z,exact_identity_baseline,estimated_common_design,circular_block_bootstrap_4q_40reps
core_deposit_proximate,exploratory,measurement,tdc_core_deposit_proximate_bank_only_qoq,other_component_qoq,5,-56.49835320286061,22.70086806746939,-103.55750731481172,-23.787577643493126,63,identity_measurement_ladder,tdc_core_deposit_proximate_bank_only_residual_z,exact_identity_baseline,derived_total_minus_tdc,circular_block_bootstrap_4q_40reps
core_deposit_proximate,exploratory,measurement,tdc_core_deposit_proximate_bank_only_qoq,tdc_core_deposit_proximate_bank_only_qoq,6,230.27948367675452,78.3001773877004,6.966972896600528,298.75143799040654,62,identity_measurement_ladder,tdc_core_deposit_proximate_bank_only_residual_z,exact_identity_baseline,estimated_common_design,circular_block_bootstrap_4q_40reps
core_deposit_proximate,exploratory,measurement,tdc_core_deposit_proximate_bank_only_qoq,total_deposits_bank_qoq,6,167.69655789254028,93.63196063480329,-78.391595836209,235.89245096372608,62,identity_measurement_ladder,tdc_core_deposit_proximate_bank_only_residual_z,exact_identity_baseline,estimated_common_design,circular_block_bootstrap_4q_40reps
core_deposit_proximate,exploratory,measurement,tdc_core_deposit_proximate_bank_only_qoq,other_component_qoq,6,-62.58292578421424,27.851613737675358,-127.55719174929091,-31.054428268204152,62,identity_measurement_ladder,tdc_core_deposit_proximate_bank_only_residual_z,exact_identity_baseline,derived_total_minus_tdc,circular_block_bootstrap_4q_40reps
core_deposit_proximate,exploratory,measurement,tdc_core_deposit_proximate_bank_only_qoq,tdc_core_deposit_proximate_bank_only_qoq,7,243.1094420273416,83.19403456718614,38.68950029754068,318.2022249275299,61,identity_measurement_ladder,tdc_core_deposit_proximate_bank_only_residual_z,exact_identity_baseline,estimated_common_design,circular_block_bootstrap_4q_40reps
core_deposit_proximate,exploratory,measurement,tdc_core_deposit_proximate_bank_only_qoq,total_deposits_bank_qoq,7,184.5130225738792,102.34451473823908,-55.84408791488482,279.44586875634843,61,identity_measurement_ladder,tdc_core_deposit_proximate_bank_only_residual_z,exact_identity_baseline,estimated_common_design,circular_block_bootstrap_4q_40reps
core_deposit_proximate,exploratory,measurement,tdc_core_deposit_proximate_bank_only_qoq,other_component_qoq,7,-58.5964194534624,33.21435762067228,-140.2234007270654,-16.517755585999918,61,identity_measurement_ladder,tdc_core_deposit_proximate_bank_only_residual_z,exact_identity_baseline,derived_total_minus_tdc,circular_block_bootstrap_4q_40reps
core_deposit_proximate,exploratory,measurement,tdc_core_deposit_proximate_bank_only_qoq,tdc_core_deposit_proximate_bank_only_qoq,8,250.4456137045933,103.72717300531967,33.63361628932802,335.5860521580217,60,identity_measurement_ladder,tdc_core_deposit_proximate_bank_only_residual_z,exact_identity_baseline,estimated_common_design,circular_block_bootstrap_4q_40reps
core_deposit_proximate,exploratory,measurement,tdc_core_deposit_proximate_bank_only_qoq,total_deposits_bank_qoq,8,183.10945008110096,114.67251791295242,-80.15189404619412,270.919200613226,60,identity_measurement_ladder,tdc_core_deposit_proximate_bank_only_residual_z,exact_identity_baseline,estimated_common_design,circular_block_bootstrap_4q_40reps
core_deposit_proximate,exploratory,measurement,tdc_core_deposit_proximate_bank_only_qoq,other_component_qoq,8,-67.33616362349235,39.908401194901074,-159.41639990710436,-8.766291365336517,60,identity_measurement_ladder,tdc_core_deposit_proximate_bank_only_residual_z,exact_identity_baseline,derived_total_minus_tdc,circular_block_bootstrap_4q_40reps
no_remit_bank_only,exploratory,measurement,tdc_no_remit_bank_only_qoq,tdc_no_remit_bank_only_qoq,0,110.67394390018134,18.803874550056616,82.40680354457302,148.91803480605566,72,identity_measurement_ladder,tdc_no_remit_bank_only_residual_z,exact_identity_baseline,estimated_common_design,circular_block_bootstrap_4q_40reps
no_remit_bank_only,exploratory,measurement,tdc_no_remit_bank_only_qoq,total_deposits_bank_qoq,0,53.694921325550396,23.73939184862991,22.975777883110915,110.45915489158398,72,identity_measurement_ladder,tdc_no_remit_bank_only_residual_z,exact_identity_baseline,estimated_common_design,circular_block_bootstrap_4q_40reps
no_remit_bank_only,exploratory,measurement,tdc_no_remit_bank_only_qoq,other_component_qoq,0,-56.979022574630946,28.376000620119342,-101.87865763070116,-0.023502607950092735,72,identity_measurement_ladder,tdc_no_remit_bank_only_residual_z,exact_identity_baseline,derived_total_minus_tdc,circular_block_bootstrap_4q_40reps
no_remit_bank_only,exploratory,measurement,tdc_no_remit_bank_only_qoq,tdc_no_remit_bank_only_qoq,1,156.41723216513793,30.372867988411638,99.9915611684903,207.5966182269734,71,identity_measurement_ladder,tdc_no_remit_bank_only_residual_z,exact_identity_baseline,estimated_common_design,circular_block_bootstrap_4q_40reps
no_remit_bank_only,exploratory,measurement,tdc_no_remit_bank_only_qoq,total_deposits_bank_qoq,1,75.45275105858569,70.29212033096661,-7.396858179340892,253.59364339121635,71,identity_measurement_ladder,tdc_no_remit_bank_only_residual_z,exact_identity_baseline,estimated_common_design,circular_block_bootstrap_4q_40reps
no_remit_bank_only,exploratory,measurement,tdc_no_remit_bank_only_qoq,other_component_qoq,1,-80.96448110655224,54.84074847724247,-142.83829663201183,83.54021259238093,71,identity_measurement_ladder,tdc_no_remit_bank_only_residual_z,exact_identity_baseline,derived_total_minus_tdc,circular_block_bootstrap_4q_40reps
no_remit_bank_only,exploratory,measurement,tdc_no_remit_bank_only_qoq,tdc_no_remit_bank_only_qoq,2,204.79720219529997,48.83528187080536,114.1068834822035,293.3129052508359,70,identity_measurement_ladder,tdc_no_remit_bank_only_residual_z,exact_identity_baseline,estimated_common_design,circular_block_bootstrap_4q_40reps
no_remit_bank_only,exploratory,measurement,tdc_no_remit_bank_only_qoq,total_deposits_bank_qoq,2,80.55968190519853,66.59978532047252,-31.486516694226182,186.78221259437646,70,identity_measurement_ladder,tdc_no_remit_bank_only_residual_z,exact_identity_baseline,estimated_common_design,circular_block_bootstrap_4q_40reps
no_remit_bank_only,exploratory,measurement,tdc_no_remit_bank_only_qoq,other_component_qoq,2,-124.23752029010144,54.26764775346965,-203.85172568676987,-14.16309058811633,70,identity_measurement_ladder,tdc_no_remit_bank_only_residual_z,exact_identity_baseline,derived_total_minus_tdc,circular_block_bootstrap_4q_40reps
no_remit_bank_only,exploratory,measurement,tdc_no_remit_bank_only_qoq,tdc_no_remit_bank_only_qoq,3,197.24559278767225,63.174827357317355,110.87989917605913,319.6657846035209,69,identity_measurement_ladder,tdc_no_remit_bank_only_residual_z,exact_identity_baseline,estimated_common_design,circular_block_bootstrap_4q_40reps
no_remit_bank_only,exploratory,measurement,tdc_no_remit_bank_only_qoq,total_deposits_bank_qoq,3,99.52382705372659,70.98130828283205,-26.306013410972984,244.43381400215534,69,identity_measurement_ladder,tdc_no_remit_bank_only_residual_z,exact_identity_baseline,estimated_common_design,circular_block_bootstrap_4q_40reps
no_remit_bank_only,exploratory,measurement,tdc_no_remit_bank_only_qoq,other_component_qoq,3,-97.72176573394566,47.07878671114615,-167.2776849288785,-10.834558320373155,69,identity_measurement_ladder,tdc_no_remit_bank_only_residual_z,exact_identity_baseline,derived_total_minus_tdc,circular_block_bootstrap_4q_40reps
no_remit_bank_only,exploratory,measurement,tdc_no_remit_bank_only_qoq,tdc_no_remit_bank_only_qoq,4,235.3864020931662,76.37329724275541,76.42911626078795,397.4671221176897,68,identity_measurement_ladder,tdc_no_remit_bank_only_residual_z,exact_identity_baseline,estimated_common_design,circular_block_bootstrap_4q_40reps
no_remit_bank_only,exploratory,measurement,tdc_no_remit_bank_only_qoq,total_deposits_bank_qoq,4,121.5117395014953,96.92547731080228,-68.82853691189366,314.34093903092037,68,identity_measurement_ladder,tdc_no_remit_bank_only_residual_z,exact_identity_baseline,estimated_common_design,circular_block_bootstrap_4q_40reps
no_remit_bank_only,exploratory,measurement,tdc_no_remit_bank_only_qoq,other_component_qoq,4,-113.8746625916709,43.95717131253892,-179.17176715118478,-24.219180891493018,68,identity_measurement_ladder,tdc_no_remit_bank_only_residual_z,exact_identity_baseline,derived_total_minus_tdc,circular_block_bootstrap_4q_40reps
no_remit_bank_only,exploratory,measurement,tdc_no_remit_bank_only_qoq,tdc_no_remit_bank_only_qoq,5,234.92893161064745,84.0765189553381,124.65760193767571,369.6104310436271,67,identity_measurement_ladder,tdc_no_remit_bank_only_residual_z,exact_identity_baseline,estimated_common_design,circular_block_bootstrap_4q_40reps
no_remit_bank_only,exploratory,measurement,tdc_no_remit_bank_only_qoq,total_deposits_bank_qoq,5,102.43988214609999,101.54065603026085,-40.949946019954005,312.45685576119695,67,identity_measurement_ladder,tdc_no_remit_bank_only_residual_z,exact_identity_baseline,estimated_common_design,circular_block_bootstrap_4q_40reps
no_remit_bank_only,exploratory,measurement,tdc_no_remit_bank_only_qoq,other_component_qoq,5,-132.48904946454746,41.51092653050129,-198.61850171086473,-55.847220386406455,67,identity_measurement_ladder,tdc_no_remit_bank_only_residual_z,exact_identity_baseline,derived_total_minus_tdc,circular_block_bootstrap_4q_40reps
no_remit_bank_only,exploratory,measurement,tdc_no_remit_bank_only_qoq,tdc_no_remit_bank_only_qoq,6,269.97217213119256,102.12375023536832,109.99733965841294,495.90349225008157,66,identity_measurement_ladder,tdc_no_remit_bank_only_residual_z,exact_identity_baseline,estimated_common_design,circular_block_bootstrap_4q_40reps
no_remit_bank_only,exploratory,measurement,tdc_no_remit_bank_only_qoq,total_deposits_bank_qoq,6,84.37232887967832,102.35399086056864,-71.54632189573054,321.1744070602119,66,identity_measurement_ladder,tdc_no_remit_bank_only_residual_z,exact_identity_baseline,estimated_common_design,circular_block_bootstrap_4q_40reps
no_remit_bank_only,exploratory,measurement,tdc_no_remit_bank_only_qoq,other_component_qoq,6,-185.59984325151424,47.70510876436311,-246.1632716508395,-73.26879140609658,66,identity_measurement_ladder,tdc_no_remit_bank_only_residual_z,exact_identity_baseline,derived_total_minus_tdc,circular_block_bootstrap_4q_40reps
no_remit_bank_only,exploratory,measurement,tdc_no_remit_bank_only_qoq,tdc_no_remit_bank_only_qoq,7,273.6457331513924,125.4860875791606,75.01224631699907,477.04853763971937,65,identity_measurement_ladder,tdc_no_remit_bank_only_residual_z,exact_identity_baseline,estimated_common_design,circular_block_bootstrap_4q_40reps
no_remit_bank_only,exploratory,measurement,tdc_no_remit_bank_only_qoq,total_deposits_bank_qoq,7,89.30189655543829,147.02187033498487,-127.19697674737958,330.39370137496496,65,identity_measurement_ladder,tdc_no_remit_bank_only_residual_z,exact_identity_baseline,estimated_common_design,circular_block_bootstrap_4q_40reps
no_remit_bank_only,exploratory,measurement,tdc_no_remit_bank_only_qoq,other_component_qoq,7,-184.3438365959541,58.79338187050121,-267.30236284203727,-73.91535429555667,65,identity_measurement_ladder,tdc_no_remit_bank_only_residual_z,exact_identity_baseline,derived_total_minus_tdc,circular_block_bootstrap_4q_40reps
no_remit_bank_only,exploratory,measurement,tdc_no_remit_bank_only_qoq,tdc_no_remit_bank_only_qoq,8,308.46835367003735,97.16085914110221,133.1338077231681,472.39808855667616,64,identity_measurement_ladder,tdc_no_remit_bank_only_residual_z,exact_identity_baseline,estimated_common_design,circular_block_bootstrap_4q_40reps
no_remit_bank_only,exploratory,measurement,tdc_no_remit_bank_only_qoq,total_deposits_bank_qoq,8,95.79417975807594,104.84746935301698,-70.02851278953443,245.52447469871424,64,identity_measurement_ladder,tdc_no_remit_bank_only_residual_z,exact_identity_baseline,estimated_common_design,circular_block_bootstrap_4q_40reps
no_remit_bank_only,exploratory,measurement,tdc_no_remit_bank_only_qoq,other_component_qoq,8,-212.67417391196142,81.93752604061972,-368.242338457697,-100.24675837684946,64,identity_measurement_ladder,tdc_no_remit_bank_only_residual_z,exact_identity_baseline,derived_total_minus_tdc,circular_block_bootstrap_4q_40reps
credit_union_sensitive,exploratory,measurement,tdc_credit_union_sensitive_qoq,tdc_credit_union_sensitive_qoq,0,110.20466533005569,18.445982677733667,87.34518984916107,146.81142541188845,72,identity_measurement_ladder,tdc_credit_union_sensitive_residual_z,exact_identity_baseline,estimated_common_design,circular_block_bootstrap_4q_40reps
credit_union_sensitive,exploratory,measurement,tdc_credit_union_sensitive_qoq,total_deposits_bank_qoq,0,53.736800482290256,18.38524703016176,16.449416094868873,96.81131231588796,72,identity_measurement_ladder,tdc_credit_union_sensitive_residual_z,exact_identity_baseline,estimated_common_design,circular_block_bootstrap_4q_40reps
credit_union_sensitive,exploratory,measurement,tdc_credit_union_sensitive_qoq,other_component_qoq,0,-56.46786484776543,21.782577969590182,-89.7397795433079,-12.071309008201832,72,identity_measurement_ladder,tdc_credit_union_sensitive_residual_z,exact_identity_baseline,derived_total_minus_tdc,circular_block_bootstrap_4q_40reps
credit_union_sensitive,exploratory,measurement,tdc_credit_union_sensitive_qoq,tdc_credit_union_sensitive_qoq,1,156.08045872972363,27.83529310209517,86.44883533549407,195.72690550728908,71,identity_measurement_ladder,tdc_credit_union_sensitive_residual_z,exact_identity_baseline,estimated_common_design,circular_block_bootstrap_4q_40reps
credit_union_sensitive,exploratory,measurement,tdc_credit_union_sensitive_qoq,total_deposits_bank_qoq,1,74.75328128448753,41.8324955907285,-15.64409091202496,143.0688769661442,71,identity_measurement_ladder,tdc_credit_union_sensitive_residual_z,exact_identity_baseline,estimated_common_design,circular_block_bootstrap_4q_40reps
credit_union_sensitive,exploratory,measurement,tdc_credit_union_sensitive_qoq,other_component_qoq,1,-81.3271774452361,38.141095293965186,-143.9790217328098,-13.724400501925478,71,identity_measurement_ladder,tdc_credit_union_sensitive_residual_z,exact_identity_baseline,derived_total_minus_tdc,circular_block_bootstrap_4q_40reps
credit_union_sensitive,exploratory,measurement,tdc_credit_union_sensitive_qoq,tdc_credit_union_sensitive_qoq,2,204.5575829807482,39.69813206497566,121.24661346065375,248.08189620487164,70,identity_measurement_ladder,tdc_credit_union_sensitive_residual_z,exact_identity_baseline,estimated_common_design,circular_block_bootstrap_4q_40reps
credit_union_sensitive,exploratory,measurement,tdc_credit_union_sensitive_qoq,total_deposits_bank_qoq,2,79.70736543665669,58.76608496779703,-49.85600999344425,203.79666076022704,70,identity_measurement_ladder,tdc_credit_union_sensitive_residual_z,exact_identity_baseline,estimated_common_design,circular_block_bootstrap_4q_40reps
credit_union_sensitive,exploratory,measurement,tdc_credit_union_sensitive_qoq,other_component_qoq,2,-124.85021754409152,50.23076564798337,-183.9661978231535,-16.089059535756643,70,identity_measurement_ladder,tdc_credit_union_sensitive_residual_z,exact_identity_baseline,derived_total_minus_tdc,circular_block_bootstrap_4q_40reps
credit_union_sensitive,exploratory,measurement,tdc_credit_union_sensitive_qoq,tdc_credit_union_sensitive_qoq,3,197.32928276030322,54.24520083096437,92.13418761021931,293.905782508175,69,identity_measurement_ladder,tdc_credit_union_sensitive_residual_z,exact_identity_baseline,estimated_common_design,circular_block_bootstrap_4q_40reps
credit_union_sensitive,exploratory,measurement,tdc_credit_union_sensitive_qoq,total_deposits_bank_qoq,3,98.47235780941037,85.282805051456,-25.447884670868536,287.53491699397586,69,identity_measurement_ladder,tdc_credit_union_sensitive_residual_z,exact_identity_baseline,estimated_common_design,circular_block_bootstrap_4q_40reps
credit_union_sensitive,exploratory,measurement,tdc_credit_union_sensitive_qoq,other_component_qoq,3,-98.85692495089285,49.01469134343527,-154.73128817402616,16.42119683080948,69,identity_measurement_ladder,tdc_credit_union_sensitive_residual_z,exact_identity_baseline,derived_total_minus_tdc,circular_block_bootstrap_4q_40reps
credit_union_sensitive,exploratory,measurement,tdc_credit_union_sensitive_qoq,tdc_credit_union_sensitive_qoq,4,235.94921659144745,75.39015785489259,93.56265845622953,368.87080000424385,68,identity_measurement_ladder,tdc_credit_union_sensitive_residual_z,exact_identity_baseline,estimated_common_design,circular_block_bootstrap_4q_40reps
credit_union_sensitive,exploratory,measurement,tdc_credit_union_sensitive_qoq,total_deposits_bank_qoq,4,119.42570957187321,94.10971031266216,-65.8204379663366,330.0071242038243,68,identity_measurement_ladder,tdc_credit_union_sensitive_residual_z,exact_identity_baseline,estimated_common_design,circular_block_bootstrap_4q_40reps
credit_union_sensitive,exploratory,measurement,tdc_credit_union_sensitive_qoq,other_component_qoq,4,-116.52350701957424,43.75573408703566,-176.13123917950298,-33.0624359076955,68,identity_measurement_ladder,tdc_credit_union_sensitive_residual_z,exact_identity_baseline,derived_total_minus_tdc,circular_block_bootstrap_4q_40reps
credit_union_sensitive,exploratory,measurement,tdc_credit_union_sensitive_qoq,tdc_credit_union_sensitive_qoq,5,236.71339915226855,91.0782072463432,121.8489342103245,489.2714956706707,67,identity_measurement_ladder,tdc_credit_union_sensitive_residual_z,exact_identity_baseline,estimated_common_design,circular_block_bootstrap_4q_40reps
credit_union_sensitive,exploratory,measurement,tdc_credit_union_sensitive_qoq,total_deposits_bank_qoq,5,99.34243433187766,120.55613715870955,-22.894478734063362,417.66598394274314,67,identity_measurement_ladder,tdc_credit_union_sensitive_residual_z,exact_identity_baseline,estimated_common_design,circular_block_bootstrap_4q_40reps
credit_union_sensitive,exploratory,measurement,tdc_credit_union_sensitive_qoq,other_component_qoq,5,-137.3709648203909,44.58645365814111,-192.4557176585539,-44.199282775865136,67,identity_measurement_ladder,tdc_credit_union_sensitive_residual_z,exact_identity_baseline,derived_total_minus_tdc,circular_block_bootstrap_4q_40reps
credit_union_sensitive,exploratory,measurement,tdc_credit_union_sensitive_qoq,tdc_credit_union_sensitive_qoq,6,271.4742575600357,91.08234297170617,59.38073164600141,438.9094277900439,66,identity_measurement_ladder,tdc_credit_union_sensitive_residual_z,exact_identity_baseline,estimated_common_design,circular_block_bootstrap_4q_40reps
credit_union_sensitive,exploratory,measurement,tdc_credit_union_sensitive_qoq,total_deposits_bank_qoq,6,80.80797121510774,95.37545049560794,-95.70384858312214,231.01008870610983,66,identity_measurement_ladder,tdc_credit_union_sensitive_residual_z,exact_identity_baseline,estimated_common_design,circular_block_bootstrap_4q_40reps
credit_union_sensitive,exploratory,measurement,tdc_credit_union_sensitive_qoq,other_component_qoq,6,-190.66628634492798,36.85599985433675,-235.57356742432373,-117.47032637579463,66,identity_measurement_ladder,tdc_credit_union_sensitive_residual_z,exact_identity_baseline,derived_total_minus_tdc,circular_block_bootstrap_4q_40reps
credit_union_sensitive,exploratory,measurement,tdc_credit_union_sensitive_qoq,tdc_credit_union_sensitive_qoq,7,274.92125338208643,121.8655895681294,23.40058050753683,454.17331533074395,65,identity_measurement_ladder,tdc_credit_union_sensitive_residual_z,exact_identity_baseline,estimated_common_design,circular_block_bootstrap_4q_40reps
credit_union_sensitive,exploratory,measurement,tdc_credit_union_sensitive_qoq,total_deposits_bank_qoq,7,85.56179848936398,134.72418050191402,-77.38118466112878,296.41501374589683,65,identity_measurement_ladder,tdc_credit_union_sensitive_residual_z,exact_identity_baseline,estimated_common_design,circular_block_bootstrap_4q_40reps
credit_union_sensitive,exploratory,measurement,tdc_credit_union_sensitive_qoq,other_component_qoq,7,-189.35945489272245,63.156690980059075,-297.70382640262875,-40.75875440696444,65,identity_measurement_ladder,tdc_credit_union_sensitive_residual_z,exact_identity_baseline,derived_total_minus_tdc,circular_block_bootstrap_4q_40reps
credit_union_sensitive,exploratory,measurement,tdc_credit_union_sensitive_qoq,tdc_credit_union_sensitive_qoq,8,309.0901798091072,98.82620349953879,59.02386487285043,421.2021003563904,64,identity_measurement_ladder,tdc_credit_union_sensitive_residual_z,exact_identity_baseline,estimated_common_design,circular_block_bootstrap_4q_40reps
credit_union_sensitive,exploratory,measurement,tdc_credit_union_sensitive_qoq,total_deposits_bank_qoq,8,91.5842596385737,114.09950252108567,-100.97681630275156,292.8442978847702,64,identity_measurement_ladder,tdc_credit_union_sensitive_residual_z,exact_identity_baseline,estimated_common_design,circular_block_bootstrap_4q_40reps
credit_union_sensitive,exploratory,measurement,tdc_credit_union_sensitive_qoq,other_component_qoq,8,-217.5059201705335,62.28812602463077,-300.2715057176956,-93.42347025655084,64,identity_measurement_ladder,tdc_credit_union_sensitive_residual_z,exact_identity_baseline,derived_total_minus_tdc,circular_block_bootstrap_4q_40reps
tier2_regression_mmf_rrp_bank_only,exploratory,measurement,tdc_tier2_regression_mmf_rrp_prop_bank_only_qoq,tdc_tier2_regression_mmf_rrp_prop_bank_only_qoq,0,110.08322476781075,17.208917729645293,86.6004062810092,143.65234782293268,71,identity_measurement_ladder,tdc_tier2_regression_mmf_rrp_bank_only_residual_z,exact_identity_baseline,estimated_common_design,circular_block_bootstrap_4q_40reps
tier2_regression_mmf_rrp_bank_only,exploratory,measurement,tdc_tier2_regression_mmf_rrp_prop_bank_only_qoq,total_deposits_bank_qoq,0,63.547847682686694,21.487962726672535,24.906316867844847,113.34067342831636,71,identity_measurement_ladder,tdc_tier2_regression_mmf_rrp_bank_only_residual_z,exact_identity_baseline,estimated_common_design,circular_block_bootstrap_4q_40reps
tier2_regression_mmf_rrp_bank_only,exploratory,measurement,tdc_tier2_regression_mmf_rrp_prop_bank_only_qoq,other_component_qoq,0,-46.535377085124054,23.43677796781147,-96.12698161175243,-8.31620988735238,71,identity_measurement_ladder,tdc_tier2_regression_mmf_rrp_bank_only_residual_z,exact_identity_baseline,derived_total_minus_tdc,circular_block_bootstrap_4q_40reps
tier2_regression_mmf_rrp_bank_only,exploratory,measurement,tdc_tier2_regression_mmf_rrp_prop_bank_only_qoq,tdc_tier2_regression_mmf_rrp_prop_bank_only_qoq,1,160.2647507638109,28.68305551309992,102.66734685853129,205.11695167755167,70,identity_measurement_ladder,tdc_tier2_regression_mmf_rrp_bank_only_residual_z,exact_identity_baseline,estimated_common_design,circular_block_bootstrap_4q_40reps
tier2_regression_mmf_rrp_bank_only,exploratory,measurement,tdc_tier2_regression_mmf_rrp_prop_bank_only_qoq,total_deposits_bank_qoq,1,85.35544609191966,57.165753768722546,1.7916456323063985,185.50023692661037,70,identity_measurement_ladder,tdc_tier2_regression_mmf_rrp_bank_only_residual_z,exact_identity_baseline,estimated_common_design,circular_block_bootstrap_4q_40reps
tier2_regression_mmf_rrp_bank_only,exploratory,measurement,tdc_tier2_regression_mmf_rrp_prop_bank_only_qoq,other_component_qoq,1,-74.90930467189123,45.07753721808265,-122.97402060557,13.6021470055155,70,identity_measurement_ladder,tdc_tier2_regression_mmf_rrp_bank_only_residual_z,exact_identity_baseline,derived_total_minus_tdc,circular_block_bootstrap_4q_40reps
tier2_regression_mmf_rrp_bank_only,exploratory,measurement,tdc_tier2_regression_mmf_rrp_prop_bank_only_qoq,tdc_tier2_regression_mmf_rrp_prop_bank_only_qoq,2,209.46495531255826,49.1235583602012,129.52875621165498,311.6650173664408,69,identity_measurement_ladder,tdc_tier2_regression_mmf_rrp_bank_only_residual_z,exact_identity_baseline,estimated_common_design,circular_block_bootstrap_4q_40reps
tier2_regression_mmf_rrp_bank_only,exploratory,measurement,tdc_tier2_regression_mmf_rrp_prop_bank_only_qoq,total_deposits_bank_qoq,2,91.44994014770762,68.87066205794275,-3.315490574443821,232.9568145278827,69,identity_measurement_ladder,tdc_tier2_regression_mmf_rrp_bank_only_residual_z,exact_identity_baseline,estimated_common_design,circular_block_bootstrap_4q_40reps
tier2_regression_mmf_rrp_bank_only,exploratory,measurement,tdc_tier2_regression_mmf_rrp_prop_bank_only_qoq,other_component_qoq,2,-118.01501516485064,48.346911764156424,-173.8397208665137,-14.095064963219363,69,identity_measurement_ladder,tdc_tier2_regression_mmf_rrp_bank_only_residual_z,exact_identity_baseline,derived_total_minus_tdc,circular_block_bootstrap_4q_40reps
tier2_regression_mmf_rrp_bank_only,exploratory,measurement,tdc_tier2_regression_mmf_rrp_prop_bank_only_qoq,tdc_tier2_regression_mmf_rrp_prop_bank_only_qoq,3,207.1823523847904,64.73958033691811,71.35839510979253,307.81556829375006,68,identity_measurement_ladder,tdc_tier2_regression_mmf_rrp_bank_only_residual_z,exact_identity_baseline,estimated_common_design,circular_block_bootstrap_4q_40reps
tier2_regression_mmf_rrp_bank_only,exploratory,measurement,tdc_tier2_regression_mmf_rrp_prop_bank_only_qoq,total_deposits_bank_qoq,3,115.1032114257248,73.14260768152431,-20.957217205636837,266.7411837135198,68,identity_measurement_ladder,tdc_tier2_regression_mmf_rrp_bank_only_residual_z,exact_identity_baseline,estimated_common_design,circular_block_bootstrap_4q_40reps
tier2_regression_mmf_rrp_bank_only,exploratory,measurement,tdc_tier2_regression_mmf_rrp_prop_bank_only_qoq,other_component_qoq,3,-92.0791409590656,47.800141039415664,-153.13040661909574,13.55197751293014,68,identity_measurement_ladder,tdc_tier2_regression_mmf_rrp_bank_only_residual_z,exact_identity_baseline,derived_total_minus_tdc,circular_block_bootstrap_4q_40reps
tier2_regression_mmf_rrp_bank_only,exploratory,measurement,tdc_tier2_regression_mmf_rrp_prop_bank_only_qoq,tdc_tier2_regression_mmf_rrp_prop_bank_only_qoq,4,250.5846656002741,78.2709645130001,112.24028241178351,437.5283004409661,67,identity_measurement_ladder,tdc_tier2_regression_mmf_rrp_bank_only_residual_z,exact_identity_baseline,estimated_common_design,circular_block_bootstrap_4q_40reps
tier2_regression_mmf_rrp_bank_only,exploratory,measurement,tdc_tier2_regression_mmf_rrp_prop_bank_only_qoq,total_deposits_bank_qoq,4,131.75542433422095,107.14417056016885,-60.05298599949274,339.3357885327623,67,identity_measurement_ladder,tdc_tier2_regression_mmf_rrp_bank_only_residual_z,exact_identity_baseline,estimated_common_design,circular_block_bootstrap_4q_40reps
tier2_regression_mmf_rrp_bank_only,exploratory,measurement,tdc_tier2_regression_mmf_rrp_prop_bank_only_qoq,other_component_qoq,4,-118.82924126605315,48.70168764784523,-192.19901781670123,-11.993752500181914,67,identity_measurement_ladder,tdc_tier2_regression_mmf_rrp_bank_only_residual_z,exact_identity_baseline,derived_total_minus_tdc,circular_block_bootstrap_4q_40reps
tier2_regression_mmf_rrp_bank_only,exploratory,measurement,tdc_tier2_regression_mmf_rrp_prop_bank_only_qoq,tdc_tier2_regression_mmf_rrp_prop_bank_only_qoq,5,255.5983528924601,81.38532539556283,83.00491564954494,395.9333818881873,66,identity_measurement_ladder,tdc_tier2_regression_mmf_rrp_bank_only_residual_z,exact_identity_baseline,estimated_common_design,circular_block_bootstrap_4q_40reps
tier2_regression_mmf_rrp_bank_only,exploratory,measurement,tdc_tier2_regression_mmf_rrp_prop_bank_only_qoq,total_deposits_bank_qoq,5,107.87598097618749,91.9406570054047,-83.21412409094098,264.6948937658361,66,identity_measurement_ladder,tdc_tier2_regression_mmf_rrp_bank_only_residual_z,exact_identity_baseline,estimated_common_design,circular_block_bootstrap_4q_40reps
tier2_regression_mmf_rrp_bank_only,exploratory,measurement,tdc_tier2_regression_mmf_rrp_prop_bank_only_qoq,other_component_qoq,5,-147.7223719162726,33.5224861109016,-206.74056670500312,-84.86860117541593,66,identity_measurement_ladder,tdc_tier2_regression_mmf_rrp_bank_only_residual_z,exact_identity_baseline,derived_total_minus_tdc,circular_block_bootstrap_4q_40reps
tier2_regression_mmf_rrp_bank_only,exploratory,measurement,tdc_tier2_regression_mmf_rrp_prop_bank_only_qoq,tdc_tier2_regression_mmf_rrp_prop_bank_only_qoq,6,288.4963515454769,112.15139013490868,115.35400386448246,628.3079253338916,65,identity_measurement_ladder,tdc_tier2_regression_mmf_rrp_bank_only_residual_z,exact_identity_baseline,estimated_common_design,circular_block_bootstrap_4q_40reps
tier2_regression_mmf_rrp_bank_only,exploratory,measurement,tdc_tier2_regression_mmf_rrp_prop_bank_only_qoq,total_deposits_bank_qoq,6,86.01007799616346,107.29856743094602,-36.21046073083939,392.43541579006876,65,identity_measurement_ladder,tdc_tier2_regression_mmf_rrp_bank_only_residual_z,exact_identity_baseline,estimated_common_design,circular_block_bootstrap_4q_40reps
tier2_regression_mmf_rrp_bank_only,exploratory,measurement,tdc_tier2_regression_mmf_rrp_prop_bank_only_qoq,other_component_qoq,6,-202.48627354931344,39.73482349178627,-291.3034155212242,-126.00740672298751,65,identity_measurement_ladder,tdc_tier2_regression_mmf_rrp_bank_only_residual_z,exact_identity_baseline,derived_total_minus_tdc,circular_block_bootstrap_4q_40reps
tier2_regression_mmf_rrp_bank_only,exploratory,measurement,tdc_tier2_regression_mmf_rrp_prop_bank_only_qoq,tdc_tier2_regression_mmf_rrp_prop_bank_only_qoq,7,279.0506567832131,115.78026844055056,85.1266986022154,486.9438398715792,64,identity_measurement_ladder,tdc_tier2_regression_mmf_rrp_bank_only_residual_z,exact_identity_baseline,estimated_common_design,circular_block_bootstrap_4q_40reps
tier2_regression_mmf_rrp_bank_only,exploratory,measurement,tdc_tier2_regression_mmf_rrp_prop_bank_only_qoq,total_deposits_bank_qoq,7,83.59022866312844,118.18585880920341,-89.5271214856959,342.8319092913951,64,identity_measurement_ladder,tdc_tier2_regression_mmf_rrp_bank_only_residual_z,exact_identity_baseline,estimated_common_design,circular_block_bootstrap_4q_40reps
tier2_regression_mmf_rrp_bank_only,exploratory,measurement,tdc_tier2_regression_mmf_rrp_prop_bank_only_qoq,other_component_qoq,7,-195.46042812008469,48.23257995221991,-281.67675099803233,-116.99732242724671,64,identity_measurement_ladder,tdc_tier2_regression_mmf_rrp_bank_only_residual_z,exact_identity_baseline,derived_total_minus_tdc,circular_block_bootstrap_4q_40reps
tier2_regression_mmf_rrp_bank_only,exploratory,measurement,tdc_tier2_regression_mmf_rrp_prop_bank_only_qoq,tdc_tier2_regression_mmf_rrp_prop_bank_only_qoq,8,301.9311726109536,101.68790164090663,86.62075305660125,459.3799022889975,63,identity_measurement_ladder,tdc_tier2_regression_mmf_rrp_bank_only_residual_z,exact_identity_baseline,estimated_common_design,circular_block_bootstrap_4q_40reps
tier2_regression_mmf_rrp_bank_only,exploratory,measurement,tdc_tier2_regression_mmf_rrp_prop_bank_only_qoq,total_deposits_bank_qoq,8,78.77497368503035,114.46542544162942,-87.35859831706783,295.7676102913599,63,identity_measurement_ladder,tdc_tier2_regression_mmf_rrp_bank_only_residual_z,exact_identity_baseline,estimated_common_design,circular_block_bootstrap_4q_40reps
tier2_regression_mmf_rrp_bank_only,exploratory,measurement,tdc_tier2_regression_mmf_rrp_prop_bank_only_qoq,other_component_qoq,8,-223.15619892592323,77.34460267736961,-310.4829600501474,-59.248661239780304,63,identity_measurement_ladder,tdc_tier2_regression_mmf_rrp_bank_only_residual_z,exact_identity_baseline,derived_total_minus_tdc,circular_block_bootstrap_4q_40reps
tier2_regression_mmf_rrp_di_np_cu,exploratory,measurement,tdc_tier2_regression_mmf_rrp_prop_di_np_cu_qoq,tdc_tier2_regression_mmf_rrp_prop_di_np_cu_qoq,0,110.20741074490327,19.448819572851402,80.58589014183505,146.74876313055083,71,identity_measurement_ladder,tdc_tier2_regression_mmf_rrp_di_np_cu_residual_z,exact_identity_baseline,estimated_common_design,circular_block_bootstrap_4q_40reps
tier2_regression_mmf_rrp_di_np_cu,exploratory,measurement,tdc_tier2_regression_mmf_rrp_prop_di_np_cu_qoq,total_deposits_bank_qoq,0,63.36853735280554,25.10827435943334,17.63834886013838,101.5627747900198,71,identity_measurement_ladder,tdc_tier2_regression_mmf_rrp_di_np_cu_residual_z,exact_identity_baseline,estimated_common_design,circular_block_bootstrap_4q_40reps
tier2_regression_mmf_rrp_di_np_cu,exploratory,measurement,tdc_tier2_regression_mmf_rrp_prop_di_np_cu_qoq,other_component_qoq,0,-46.83887339209773,25.953820458708204,-96.03755728510642,-13.453488431070058,71,identity_measurement_ladder,tdc_tier2_regression_mmf_rrp_di_np_cu_residual_z,exact_identity_baseline,derived_total_minus_tdc,circular_block_bootstrap_4q_40reps
tier2_regression_mmf_rrp_di_np_cu,exploratory,measurement,tdc_tier2_regression_mmf_rrp_prop_di_np_cu_qoq,tdc_tier2_regression_mmf_rrp_prop_di_np_cu_qoq,1,160.91246398933495,29.419847269766542,105.22429547716973,210.4605199746296,70,identity_measurement_ladder,tdc_tier2_regression_mmf_rrp_di_np_cu_residual_z,exact_identity_baseline,estimated_common_design,circular_block_bootstrap_4q_40reps
tier2_regression_mmf_rrp_di_np_cu,exploratory,measurement,tdc_tier2_regression_mmf_rrp_prop_di_np_cu_qoq,total_deposits_bank_qoq,1,84.83858444834142,61.256104502269395,0.1673845341835946,208.91951739579977,70,identity_measurement_ladder,tdc_tier2_regression_mmf_rrp_di_np_cu_residual_z,exact_identity_baseline,estimated_common_design,circular_block_bootstrap_4q_40reps
tier2_regression_mmf_rrp_di_np_cu,exploratory,measurement,tdc_tier2_regression_mmf_rrp_prop_di_np_cu_qoq,other_component_qoq,1,-76.07387954099353,47.37650078026131,-128.87501155932085,27.732398543312126,70,identity_measurement_ladder,tdc_tier2_regression_mmf_rrp_di_np_cu_residual_z,exact_identity_baseline,derived_total_minus_tdc,circular_block_bootstrap_4q_40reps
tier2_regression_mmf_rrp_di_np_cu,exploratory,measurement,tdc_tier2_regression_mmf_rrp_prop_di_np_cu_qoq,tdc_tier2_regression_mmf_rrp_prop_di_np_cu_qoq,2,210.5615638917588,52.214585594322834,128.75162579023657,298.22177275387554,69,identity_measurement_ladder,tdc_tier2_regression_mmf_rrp_di_np_cu_residual_z,exact_identity_baseline,estimated_common_design,circular_block_bootstrap_4q_40reps
tier2_regression_mmf_rrp_di_np_cu,exploratory,measurement,tdc_tier2_regression_mmf_rrp_prop_di_np_cu_qoq,total_deposits_bank_qoq,2,90.8672823601741,68.90748515101242,11.31801524555435,257.4417286630248,69,identity_measurement_ladder,tdc_tier2_regression_mmf_rrp_di_np_cu_residual_z,exact_identity_baseline,estimated_common_design,circular_block_bootstrap_4q_40reps
tier2_regression_mmf_rrp_di_np_cu,exploratory,measurement,tdc_tier2_regression_mmf_rrp_prop_di_np_cu_qoq,other_component_qoq,2,-119.69428153158469,53.436046892452616,-170.18843451939603,10.617591193541339,69,identity_measurement_ladder,tdc_tier2_regression_mmf_rrp_di_np_cu_residual_z,exact_identity_baseline,derived_total_minus_tdc,circular_block_bootstrap_4q_40reps
tier2_regression_mmf_rrp_di_np_cu,exploratory,measurement,tdc_tier2_regression_mmf_rrp_prop_di_np_cu_qoq,tdc_tier2_regression_mmf_rrp_prop_di_np_cu_qoq,3,208.37712151352895,60.92207736432168,72.39380637795614,292.98204672344957,68,identity_measurement_ladder,tdc_tier2_regression_mmf_rrp_di_np_cu_residual_z,exact_identity_baseline,estimated_common_design,circular_block_bootstrap_4q_40reps
tier2_regression_mmf_rrp_di_np_cu,exploratory,measurement,tdc_tier2_regression_mmf_rrp_prop_di_np_cu_qoq,total_deposits_bank_qoq,3,114.655244615792,76.30498747249109,-8.791697302573443,259.124080612957,68,identity_measurement_ladder,tdc_tier2_regression_mmf_rrp_di_np_cu_residual_z,exact_identity_baseline,estimated_common_design,circular_block_bootstrap_4q_40reps
tier2_regression_mmf_rrp_di_np_cu,exploratory,measurement,tdc_tier2_regression_mmf_rrp_prop_di_np_cu_qoq,other_component_qoq,3,-93.72187689773695,53.3842101162135,-170.7833434420917,7.382934641052254,68,identity_measurement_ladder,tdc_tier2_regression_mmf_rrp_di_np_cu_residual_z,exact_identity_baseline,derived_total_minus_tdc,circular_block_bootstrap_4q_40reps
tier2_regression_mmf_rrp_di_np_cu,exploratory,measurement,tdc_tier2_regression_mmf_rrp_prop_di_np_cu_qoq,tdc_tier2_regression_mmf_rrp_prop_di_np_cu_qoq,4,252.19263997589738,82.76403531389293,111.46945939330128,439.548394455238,67,identity_measurement_ladder,tdc_tier2_regression_mmf_rrp_di_np_cu_residual_z,exact_identity_baseline,estimated_common_design,circular_block_bootstrap_4q_40reps
tier2_regression_mmf_rrp_di_np_cu,exploratory,measurement,tdc_tier2_regression_mmf_rrp_prop_di_np_cu_qoq,total_deposits_bank_qoq,4,131.13905007559822,96.01583163561938,-38.27151712956235,361.17984198687594,67,identity_measurement_ladder,tdc_tier2_regression_mmf_rrp_di_np_cu_residual_z,exact_identity_baseline,estimated_common_design,circular_block_bootstrap_4q_40reps
tier2_regression_mmf_rrp_di_np_cu,exploratory,measurement,tdc_tier2_regression_mmf_rrp_prop_di_np_cu_qoq,other_component_qoq,4,-121.05358990029916,44.24852473935402,-182.79310931334047,-31.051800421782875,67,identity_measurement_ladder,tdc_tier2_regression_mmf_rrp_di_np_cu_residual_z,exact_identity_baseline,derived_total_minus_tdc,circular_block_bootstrap_4q_40reps
tier2_regression_mmf_rrp_di_np_cu,exploratory,measurement,tdc_tier2_regression_mmf_rrp_prop_di_np_cu_qoq,tdc_tier2_regression_mmf_rrp_prop_di_np_cu_qoq,5,257.5777806806677,88.82017394231687,91.88231506165492,421.04661137872387,66,identity_measurement_ladder,tdc_tier2_regression_mmf_rrp_di_np_cu_residual_z,exact_identity_baseline,estimated_common_design,circular_block_bootstrap_4q_40reps
tier2_regression_mmf_rrp_di_np_cu,exploratory,measurement,tdc_tier2_regression_mmf_rrp_prop_di_np_cu_qoq,total_deposits_bank_qoq,5,107.28487402836633,93.66973682304103,-0.07445473645995349,289.60956990617865,66,identity_measurement_ladder,tdc_tier2_regression_mmf_rrp_di_np_cu_residual_z,exact_identity_baseline,estimated_common_design,circular_block_bootstrap_4q_40reps
tier2_regression_mmf_rrp_di_np_cu,exploratory,measurement,tdc_tier2_regression_mmf_rrp_prop_di_np_cu_qoq,other_component_qoq,5,-150.29290665230133,47.66082003173066,-230.8398156796021,-63.56033959140947,66,identity_measurement_ladder,tdc_tier2_regression_mmf_rrp_di_np_cu_residual_z,exact_identity_baseline,derived_total_minus_tdc,circular_block_bootstrap_4q_40reps
tier2_regression_mmf_rrp_di_np_cu,exploratory,measurement,tdc_tier2_regression_mmf_rrp_prop_di_np_cu_qoq,tdc_tier2_regression_mmf_rrp_prop_di_np_cu_qoq,6,290.44508411792174,104.1651939894535,140.88374039884695,458.4734352298574,65,identity_measurement_ladder,tdc_tier2_regression_mmf_rrp_di_np_cu_residual_z,exact_identity_baseline,estimated_common_design,circular_block_bootstrap_4q_40reps
tier2_regression_mmf_rrp_di_np_cu,exploratory,measurement,tdc_tier2_regression_mmf_rrp_prop_di_np_cu_qoq,total_deposits_bank_qoq,6,85.34992421115453,97.54480730881092,-42.560044204141036,259.16763088921687,65,identity_measurement_ladder,tdc_tier2_regression_mmf_rrp_di_np_cu_residual_z,exact_identity_baseline,estimated_common_design,circular_block_bootstrap_4q_40reps
tier2_regression_mmf_rrp_di_np_cu,exploratory,measurement,tdc_tier2_regression_mmf_rrp_prop_di_np_cu_qoq,other_component_qoq,6,-205.0951599067672,48.52239321263584,-288.54266208334593,-128.20221774184643,65,identity_measurement_ladder,tdc_tier2_regression_mmf_rrp_di_np_cu_residual_z,exact_identity_baseline,derived_total_minus_tdc,circular_block_bootstrap_4q_40reps
tier2_regression_mmf_rrp_di_np_cu,exploratory,measurement,tdc_tier2_regression_mmf_rrp_prop_di_np_cu_qoq,tdc_tier2_regression_mmf_rrp_prop_di_np_cu_qoq,7,280.96023780354983,115.83169386390884,72.34705185024855,440.85473100603184,64,identity_measurement_ladder,tdc_tier2_regression_mmf_rrp_di_np_cu_residual_z,exact_identity_baseline,estimated_common_design,circular_block_bootstrap_4q_40reps
tier2_regression_mmf_rrp_di_np_cu,exploratory,measurement,tdc_tier2_regression_mmf_rrp_prop_di_np_cu_qoq,total_deposits_bank_qoq,7,83.01880253364392,103.01144313233638,-50.19100917788329,280.615496546732,64,identity_measurement_ladder,tdc_tier2_regression_mmf_rrp_di_np_cu_residual_z,exact_identity_baseline,estimated_common_design,circular_block_bootstrap_4q_40reps
tier2_regression_mmf_rrp_di_np_cu,exploratory,measurement,tdc_tier2_regression_mmf_rrp_prop_di_np_cu_qoq,other_component_qoq,7,-197.94143526990592,66.82269002991858,-294.80918022360584,-79.16213850694308,64,identity_measurement_ladder,tdc_tier2_regression_mmf_rrp_di_np_cu_residual_z,exact_identity_baseline,derived_total_minus_tdc,circular_block_bootstrap_4q_40reps
tier2_regression_mmf_rrp_di_np_cu,exploratory,measurement,tdc_tier2_regression_mmf_rrp_prop_di_np_cu_qoq,tdc_tier2_regression_mmf_rrp_prop_di_np_cu_qoq,8,304.9649171564281,119.78858034976963,93.61051203995255,476.92842232107137,63,identity_measurement_ladder,tdc_tier2_regression_mmf_rrp_di_np_cu_residual_z,exact_identity_baseline,estimated_common_design,circular_block_bootstrap_4q_40reps
tier2_regression_mmf_rrp_di_np_cu,exploratory,measurement,tdc_tier2_regression_mmf_rrp_prop_di_np_cu_qoq,total_deposits_bank_qoq,8,78.59532807251509,122.9116110908116,-89.89375008148686,327.7196738913198,63,identity_measurement_ladder,tdc_tier2_regression_mmf_rrp_di_np_cu_residual_z,exact_identity_baseline,estimated_common_design,circular_block_bootstrap_4q_40reps
tier2_regression_mmf_rrp_di_np_cu,exploratory,measurement,tdc_tier2_regression_mmf_rrp_prop_di_np_cu_qoq,other_component_qoq,8,-226.369589083913,76.02780610556361,-336.5299639843022,-111.27536022679743,63,identity_measurement_ladder,tdc_tier2_regression_mmf_rrp_di_np_cu_residual_z,exact_identity_baseline,derived_total_minus_tdc,circular_block_bootstrap_4q_40reps
