outcome,horizon,beta,se,lower95,upper95,n,spec_name,shock_column,shock_scale,response_type
other_component_qoq,0,-56.223002789186694,12.517283696834168,-80.75687883498166,-31.689126743391725,119,baseline,tdc_residual_z,rolling_oos_standard_deviation,cumulative_sum_h0_to_h
other_component_qoq,1,-68.99579094659518,27.36359299323923,-122.62843321334407,-15.36314867984629,118,baseline,tdc_residual_z,rolling_oos_standard_deviation,cumulative_sum_h0_to_h
other_component_qoq,2,-95.17061531756876,33.572069552807214,-160.9718716410709,-29.369358994066616,117,baseline,tdc_residual_z,rolling_oos_standard_deviation,cumulative_sum_h0_to_h
other_component_qoq,3,-66.64949456041825,34.00991533562763,-133.3089286182484,0.009939497411906473,116,baseline,tdc_residual_z,rolling_oos_standard_deviation,cumulative_sum_h0_to_h
other_component_qoq,4,-70.27564601632174,31.87297979793321,-132.74668642027083,-7.804605612372654,115,baseline,tdc_residual_z,rolling_oos_standard_deviation,cumulative_sum_h0_to_h
other_component_qoq,5,-88.90421794686286,31.801740078817804,-151.23562850134576,-26.572807392379964,114,baseline,tdc_residual_z,rolling_oos_standard_deviation,cumulative_sum_h0_to_h
other_component_qoq,6,-128.35022879375526,36.097839261929686,-199.10199374713744,-57.598463840373086,113,baseline,tdc_residual_z,rolling_oos_standard_deviation,cumulative_sum_h0_to_h
other_component_qoq,7,-123.49309907480924,43.29142499957037,-208.34429207396715,-38.64190607565132,112,baseline,tdc_residual_z,rolling_oos_standard_deviation,cumulative_sum_h0_to_h
other_component_qoq,8,-137.14820495288674,48.01420550118734,-231.25604773521394,-43.04036217055956,111,baseline,tdc_residual_z,rolling_oos_standard_deviation,cumulative_sum_h0_to_h
strict_loan_source_qoq,0,-14.361312827632876,5.346581169933267,-24.84061192070208,-3.8820137345636727,119,baseline,tdc_residual_z,rolling_oos_standard_deviation,cumulative_sum_h0_to_h
strict_loan_source_qoq,1,-16.059645508791995,6.610266419263587,-29.015767690548625,-3.103523327035365,118,baseline,tdc_residual_z,rolling_oos_standard_deviation,cumulative_sum_h0_to_h
strict_loan_source_qoq,2,-28.061312668871658,8.376515106535408,-44.47928227768105,-11.64334306006226,117,baseline,tdc_residual_z,rolling_oos_standard_deviation,cumulative_sum_h0_to_h
strict_loan_source_qoq,3,-15.436018730398068,13.967395033019509,-42.81211299511631,11.940075534320169,116,baseline,tdc_residual_z,rolling_oos_standard_deviation,cumulative_sum_h0_to_h
strict_loan_source_qoq,4,-23.7266209046791,18.357054361780644,-59.70644745376916,12.253205644410965,115,baseline,tdc_residual_z,rolling_oos_standard_deviation,cumulative_sum_h0_to_h
strict_loan_source_qoq,5,-18.10633579096514,25.10022450385742,-67.30277581852567,31.0901042365954,114,baseline,tdc_residual_z,rolling_oos_standard_deviation,cumulative_sum_h0_to_h
strict_loan_source_qoq,6,-21.620042010328014,28.812923060183998,-78.09337120828866,34.853287187632624,113,baseline,tdc_residual_z,rolling_oos_standard_deviation,cumulative_sum_h0_to_h
strict_loan_source_qoq,7,-6.782359421050984,31.984165663949764,-69.47132412239252,55.90660528029055,112,baseline,tdc_residual_z,rolling_oos_standard_deviation,cumulative_sum_h0_to_h
strict_loan_source_qoq,8,-17.516864309908087,33.777073927193335,-83.71992920720702,48.68620058739084,111,baseline,tdc_residual_z,rolling_oos_standard_deviation,cumulative_sum_h0_to_h
strict_loan_mortgages_qoq,0,-3.978042275219278,2.059968682069893,-8.015580892076269,0.059496341637712113,119,baseline,tdc_residual_z,rolling_oos_standard_deviation,cumulative_sum_h0_to_h
strict_loan_mortgages_qoq,1,-2.8935524836688646,3.477198064430388,-9.708860689952425,3.921755722614696,118,baseline,tdc_residual_z,rolling_oos_standard_deviation,cumulative_sum_h0_to_h
strict_loan_mortgages_qoq,2,-4.252697957577334,4.927504407646077,-13.910606596563644,5.405210681408976,117,baseline,tdc_residual_z,rolling_oos_standard_deviation,cumulative_sum_h0_to_h
strict_loan_mortgages_qoq,3,-1.9161427420397015,6.968328502547211,-15.574066607032234,11.741781122952831,116,baseline,tdc_residual_z,rolling_oos_standard_deviation,cumulative_sum_h0_to_h
strict_loan_mortgages_qoq,4,-2.7723501785221565,9.742659941859554,-21.867963664566883,16.32326330752257,115,baseline,tdc_residual_z,rolling_oos_standard_deviation,cumulative_sum_h0_to_h
strict_loan_mortgages_qoq,5,1.3751145428450222,13.1080084548082,-24.31658202857905,27.066811114269093,114,baseline,tdc_residual_z,rolling_oos_standard_deviation,cumulative_sum_h0_to_h
strict_loan_mortgages_qoq,6,4.5849297882173765,15.869023186745315,-26.51835565780344,35.68821523423819,113,baseline,tdc_residual_z,rolling_oos_standard_deviation,cumulative_sum_h0_to_h
strict_loan_mortgages_qoq,7,8.079094322923499,17.576230730196055,-26.37031790826077,42.528506554107764,112,baseline,tdc_residual_z,rolling_oos_standard_deviation,cumulative_sum_h0_to_h
strict_loan_mortgages_qoq,8,6.643857080006978,19.70033795679215,-31.968805315305634,45.25651947531959,111,baseline,tdc_residual_z,rolling_oos_standard_deviation,cumulative_sum_h0_to_h
strict_loan_consumer_credit_qoq,0,-4.727049310636028,2.0861980177621144,-8.815997425449773,-0.6381011958222835,119,baseline,tdc_residual_z,rolling_oos_standard_deviation,cumulative_sum_h0_to_h
strict_loan_consumer_credit_qoq,1,-7.303482537870657,3.178816914792057,-13.53396369086309,-1.0730013848782258,118,baseline,tdc_residual_z,rolling_oos_standard_deviation,cumulative_sum_h0_to_h
strict_loan_consumer_credit_qoq,2,-7.5959349612566305,3.732369718719466,-14.911379609946785,-0.28049031256647705,117,baseline,tdc_residual_z,rolling_oos_standard_deviation,cumulative_sum_h0_to_h
strict_loan_consumer_credit_qoq,3,-6.349775817981893,4.449132763548283,-15.070076034536527,2.3705243985727407,116,baseline,tdc_residual_z,rolling_oos_standard_deviation,cumulative_sum_h0_to_h
strict_loan_consumer_credit_qoq,4,-9.050428927665745,5.399794509873013,-19.63402616701685,1.53316831168536,115,baseline,tdc_residual_z,rolling_oos_standard_deviation,cumulative_sum_h0_to_h
strict_loan_consumer_credit_qoq,5,-7.4340687965255885,6.279277196055922,-19.741452100795193,4.873314507744018,114,baseline,tdc_residual_z,rolling_oos_standard_deviation,cumulative_sum_h0_to_h
strict_loan_consumer_credit_qoq,6,-7.023285146782763,6.125275003363749,-19.02882415337571,4.982253859810184,113,baseline,tdc_residual_z,rolling_oos_standard_deviation,cumulative_sum_h0_to_h
strict_loan_consumer_credit_qoq,7,-5.171787858973913,6.603574287591319,-18.114793462652898,7.771217744705073,112,baseline,tdc_residual_z,rolling_oos_standard_deviation,cumulative_sum_h0_to_h
strict_loan_consumer_credit_qoq,8,-7.191490548742362,6.382903732070525,-19.70198186360059,5.319000766115867,111,baseline,tdc_residual_z,rolling_oos_standard_deviation,cumulative_sum_h0_to_h
strict_loan_di_loans_nec_qoq,0,-3.0570197270342403,5.662204476086389,-14.154940500163562,8.040901046095083,119,baseline,tdc_residual_z,rolling_oos_standard_deviation,cumulative_sum_h0_to_h
strict_loan_di_loans_nec_qoq,1,-3.3807175717467874,7.944511148946434,-18.9519594236818,12.190524280188223,118,baseline,tdc_residual_z,rolling_oos_standard_deviation,cumulative_sum_h0_to_h
strict_loan_di_loans_nec_qoq,2,-11.45240611872982,7.99471939829949,-27.122056139396822,4.217243901937181,117,baseline,tdc_residual_z,rolling_oos_standard_deviation,cumulative_sum_h0_to_h
strict_loan_di_loans_nec_qoq,3,-7.906797941166435,8.541827491824296,-24.648779825142057,8.835183942809188,116,baseline,tdc_residual_z,rolling_oos_standard_deviation,cumulative_sum_h0_to_h
strict_loan_di_loans_nec_qoq,4,-12.188680634789879,9.823259937200394,-31.44227011170265,7.064908842122893,115,baseline,tdc_residual_z,rolling_oos_standard_deviation,cumulative_sum_h0_to_h
strict_loan_di_loans_nec_qoq,5,-11.66369303646767,11.008775359169402,-33.2408927404397,9.913506667504357,114,baseline,tdc_residual_z,rolling_oos_standard_deviation,cumulative_sum_h0_to_h
strict_loan_di_loans_nec_qoq,6,-17.241069910569017,11.71011503174898,-40.19289537279702,5.710755551658984,113,baseline,tdc_residual_z,rolling_oos_standard_deviation,cumulative_sum_h0_to_h
strict_loan_di_loans_nec_qoq,7,-12.447163649794241,12.929401210705096,-37.788790022776226,12.894462723187747,112,baseline,tdc_residual_z,rolling_oos_standard_deviation,cumulative_sum_h0_to_h
strict_loan_di_loans_nec_qoq,8,-16.82313368312014,13.207213150034928,-42.7092714571886,9.063004090948318,111,baseline,tdc_residual_z,rolling_oos_standard_deviation,cumulative_sum_h0_to_h
strict_loan_other_advances_qoq,0,0.15295182331822602,0.08233193282024996,-0.008418765009463897,0.3143224116459159,119,baseline,tdc_residual_z,rolling_oos_standard_deviation,cumulative_sum_h0_to_h
strict_loan_other_advances_qoq,1,0.2195264950654465,0.11536152935670124,-0.0065821024736879286,0.4456350926045809,118,baseline,tdc_residual_z,rolling_oos_standard_deviation,cumulative_sum_h0_to_h
strict_loan_other_advances_qoq,2,0.305529847052452,0.12282655722854201,0.06478979488450967,0.5462698992203944,117,baseline,tdc_residual_z,rolling_oos_standard_deviation,cumulative_sum_h0_to_h
strict_loan_other_advances_qoq,3,0.29040708213995814,0.14737933669615103,0.0015435822155021595,0.5792705820644142,116,baseline,tdc_residual_z,rolling_oos_standard_deviation,cumulative_sum_h0_to_h
strict_loan_other_advances_qoq,4,0.19849107280168377,0.15541539734723256,-0.10612310599889202,0.5031052516022596,115,baseline,tdc_residual_z,rolling_oos_standard_deviation,cumulative_sum_h0_to_h
strict_loan_other_advances_qoq,5,0.08239478561949953,0.16443966185333805,-0.23990695161304304,0.4046965228520421,114,baseline,tdc_residual_z,rolling_oos_standard_deviation,cumulative_sum_h0_to_h
strict_loan_other_advances_qoq,6,0.1416305977240887,0.1720509011978172,-0.19558916862363301,0.4788503640718104,113,baseline,tdc_residual_z,rolling_oos_standard_deviation,cumulative_sum_h0_to_h
strict_loan_other_advances_qoq,7,0.15429052150508174,0.17177758488391026,-0.18239354486738238,0.4909745878775459,112,baseline,tdc_residual_z,rolling_oos_standard_deviation,cumulative_sum_h0_to_h
strict_loan_other_advances_qoq,8,0.07963168554030665,0.17598212909506744,-0.26529328748602554,0.4245566585666388,111,baseline,tdc_residual_z,rolling_oos_standard_deviation,cumulative_sum_h0_to_h
strict_non_treasury_agency_gse_qoq,0,7.8016916235167635,2.3587373541175256,3.1785664094464137,12.424816837587112,119,baseline,tdc_residual_z,rolling_oos_standard_deviation,cumulative_sum_h0_to_h
strict_non_treasury_agency_gse_qoq,1,9.485803966558853,4.2213107414688595,1.2120349132798882,17.759573019837816,118,baseline,tdc_residual_z,rolling_oos_standard_deviation,cumulative_sum_h0_to_h
strict_non_treasury_agency_gse_qoq,2,10.972795461059953,6.466222730543331,-1.7010010908049757,23.64659201292488,117,baseline,tdc_residual_z,rolling_oos_standard_deviation,cumulative_sum_h0_to_h
strict_non_treasury_agency_gse_qoq,3,11.541389398532043,9.384048454986518,-6.851345573241531,29.934124370305618,116,baseline,tdc_residual_z,rolling_oos_standard_deviation,cumulative_sum_h0_to_h
strict_non_treasury_agency_gse_qoq,4,18.212772721844185,12.978476629145758,-7.2250414712815,43.65058691496987,115,baseline,tdc_residual_z,rolling_oos_standard_deviation,cumulative_sum_h0_to_h
strict_non_treasury_agency_gse_qoq,5,17.889667510490618,15.390552932731708,-12.27581623766353,48.05515125864477,114,baseline,tdc_residual_z,rolling_oos_standard_deviation,cumulative_sum_h0_to_h
strict_non_treasury_agency_gse_qoq,6,16.362641245894373,17.05159317553042,-17.058481378145252,49.783763869934,113,baseline,tdc_residual_z,rolling_oos_standard_deviation,cumulative_sum_h0_to_h
strict_non_treasury_agency_gse_qoq,7,13.901066483459463,18.085981605987243,-21.547457464275535,49.34959043119446,112,baseline,tdc_residual_z,rolling_oos_standard_deviation,cumulative_sum_h0_to_h
strict_non_treasury_agency_gse_qoq,8,15.668641117398183,18.760309296946087,-21.10156510461615,52.43884733941251,111,baseline,tdc_residual_z,rolling_oos_standard_deviation,cumulative_sum_h0_to_h
strict_non_treasury_municipal_qoq,0,-0.46780324636641424,0.5387465073673173,-1.5237464008063561,0.5881399080735278,119,baseline,tdc_residual_z,rolling_oos_standard_deviation,cumulative_sum_h0_to_h
strict_non_treasury_municipal_qoq,1,-0.42717975463066304,0.8439100810907016,-2.081243513568438,1.226884004307112,118,baseline,tdc_residual_z,rolling_oos_standard_deviation,cumulative_sum_h0_to_h
strict_non_treasury_municipal_qoq,2,-0.5611067673530328,1.1423433869682098,-2.800099805810724,1.6778862711046583,117,baseline,tdc_residual_z,rolling_oos_standard_deviation,cumulative_sum_h0_to_h
strict_non_treasury_municipal_qoq,3,-0.2848442862001126,1.6150700707604737,-3.450381624890641,2.880693052490416,116,baseline,tdc_residual_z,rolling_oos_standard_deviation,cumulative_sum_h0_to_h
strict_non_treasury_municipal_qoq,4,-0.015415143204674298,2.0810736141322805,-4.094319426903944,4.063489140494596,115,baseline,tdc_residual_z,rolling_oos_standard_deviation,cumulative_sum_h0_to_h
strict_non_treasury_municipal_qoq,5,0.39568118153752607,2.4742082632364495,-4.453767014405915,5.245129377480967,114,baseline,tdc_residual_z,rolling_oos_standard_deviation,cumulative_sum_h0_to_h
strict_non_treasury_municipal_qoq,6,0.4570432505659179,2.772439896285719,-4.976938946154091,5.8910254472859265,113,baseline,tdc_residual_z,rolling_oos_standard_deviation,cumulative_sum_h0_to_h
strict_non_treasury_municipal_qoq,7,0.6085961350961733,2.9846509801969723,-5.241319786089893,6.458512056282238,112,baseline,tdc_residual_z,rolling_oos_standard_deviation,cumulative_sum_h0_to_h
strict_non_treasury_municipal_qoq,8,0.5289735640159856,3.213655999065437,-5.769792194152271,6.827739322184242,111,baseline,tdc_residual_z,rolling_oos_standard_deviation,cumulative_sum_h0_to_h
strict_non_treasury_corporate_foreign_bonds_qoq,0,2.2342293317151274,1.931071917096771,-1.5506716257945437,6.019130289224798,119,baseline,tdc_residual_z,rolling_oos_standard_deviation,cumulative_sum_h0_to_h
strict_non_treasury_corporate_foreign_bonds_qoq,1,4.033675422930902,2.563846833805866,-0.9914643713285951,9.0588152171904,118,baseline,tdc_residual_z,rolling_oos_standard_deviation,cumulative_sum_h0_to_h
strict_non_treasury_corporate_foreign_bonds_qoq,2,7.285673188946472,3.1879124601014848,1.0373647671475617,13.533981610745382,117,baseline,tdc_residual_z,rolling_oos_standard_deviation,cumulative_sum_h0_to_h
strict_non_treasury_corporate_foreign_bonds_qoq,3,6.3617764575691735,3.424678327539597,-0.35059306440843585,13.074145979546783,116,baseline,tdc_residual_z,rolling_oos_standard_deviation,cumulative_sum_h0_to_h
strict_non_treasury_corporate_foreign_bonds_qoq,4,7.930613823419565,4.886987820617678,-1.647882304991084,17.50910995183021,115,baseline,tdc_residual_z,rolling_oos_standard_deviation,cumulative_sum_h0_to_h
strict_non_treasury_corporate_foreign_bonds_qoq,5,9.037935608488601,5.149166158346405,-1.0544300618703524,19.130301278847554,114,baseline,tdc_residual_z,rolling_oos_standard_deviation,cumulative_sum_h0_to_h
strict_non_treasury_corporate_foreign_bonds_qoq,6,10.270555950230799,5.5946957171694365,-0.6950476554212965,21.236159555882892,113,baseline,tdc_residual_z,rolling_oos_standard_deviation,cumulative_sum_h0_to_h
strict_non_treasury_corporate_foreign_bonds_qoq,7,11.732037622724903,5.791031500635356,0.3816158814796058,23.0824593639702,112,baseline,tdc_residual_z,rolling_oos_standard_deviation,cumulative_sum_h0_to_h
strict_non_treasury_corporate_foreign_bonds_qoq,8,14.413032849431826,6.756291257269233,1.1707019851841292,27.65536371367952,111,baseline,tdc_residual_z,rolling_oos_standard_deviation,cumulative_sum_h0_to_h
strict_non_treasury_securities_qoq,0,10.512832325809482,3.8376637009437307,2.9910114719597702,18.034653179659195,119,baseline,tdc_residual_z,rolling_oos_standard_deviation,cumulative_sum_h0_to_h
strict_non_treasury_securities_qoq,1,14.222523995260342,5.837296169831269,2.781423502391055,25.663624488129628,118,baseline,tdc_residual_z,rolling_oos_standard_deviation,cumulative_sum_h0_to_h
strict_non_treasury_securities_qoq,2,19.19274890721303,8.972654733630598,1.6063456292970564,36.77915218512901,117,baseline,tdc_residual_z,rolling_oos_standard_deviation,cumulative_sum_h0_to_h
strict_non_treasury_securities_qoq,3,18.782083013278843,11.071225611665326,-2.9175191855851956,40.48168521214288,116,baseline,tdc_residual_z,rolling_oos_standard_deviation,cumulative_sum_h0_to_h
strict_non_treasury_securities_qoq,4,26.443065297344976,16.872458899332056,-6.626954145345852,59.51308474003581,115,baseline,tdc_residual_z,rolling_oos_standard_deviation,cumulative_sum_h0_to_h
strict_non_treasury_securities_qoq,5,27.470533352954693,20.20868389315995,-12.13848707763881,67.07955378354819,114,baseline,tdc_residual_z,rolling_oos_standard_deviation,cumulative_sum_h0_to_h
strict_non_treasury_securities_qoq,6,27.278211788168935,22.5355113089097,-16.891390377294076,71.44781395363195,113,baseline,tdc_residual_z,rolling_oos_standard_deviation,cumulative_sum_h0_to_h
strict_non_treasury_securities_qoq,7,26.251100871192676,23.82403097135486,-20.443999832662847,72.9462015750482,112,baseline,tdc_residual_z,rolling_oos_standard_deviation,cumulative_sum_h0_to_h
strict_non_treasury_securities_qoq,8,30.833509805595828,26.154298752017,-20.428915748357486,82.09593535954915,111,baseline,tdc_residual_z,rolling_oos_standard_deviation,cumulative_sum_h0_to_h
strict_di_loans_nec_private_domestic_borrower_qoq,0,-1.0742494463261876,6.572609331508989,-13.956563736083805,11.808064843431431,119,baseline,tdc_residual_z,rolling_oos_standard_deviation,cumulative_sum_h0_to_h
strict_di_loans_nec_private_domestic_borrower_qoq,1,-3.850943792204861,9.187305617086311,-21.858062801694032,14.156175217284309,118,baseline,tdc_residual_z,rolling_oos_standard_deviation,cumulative_sum_h0_to_h
strict_di_loans_nec_private_domestic_borrower_qoq,2,-15.223741208449885,8.456097004280577,-31.79769133683982,1.3502089199400462,117,baseline,tdc_residual_z,rolling_oos_standard_deviation,cumulative_sum_h0_to_h
strict_di_loans_nec_private_domestic_borrower_qoq,3,-12.974879006270339,7.8549966517625345,-28.370672443724906,2.4209144311842294,116,baseline,tdc_residual_z,rolling_oos_standard_deviation,cumulative_sum_h0_to_h
strict_di_loans_nec_private_domestic_borrower_qoq,4,-13.198418915784673,9.528349690437107,-31.873984309041404,5.477146477472056,115,baseline,tdc_residual_z,rolling_oos_standard_deviation,cumulative_sum_h0_to_h
strict_di_loans_nec_private_domestic_borrower_qoq,5,-12.653124377413377,10.513227485743926,-33.25905024947147,7.952801494644717,114,baseline,tdc_residual_z,rolling_oos_standard_deviation,cumulative_sum_h0_to_h
strict_di_loans_nec_private_domestic_borrower_qoq,6,-18.582054800197355,11.931784256876572,-41.96835194367544,4.804242343280727,113,baseline,tdc_residual_z,rolling_oos_standard_deviation,cumulative_sum_h0_to_h
strict_di_loans_nec_private_domestic_borrower_qoq,7,-13.50364789321564,13.32245312079192,-39.6156560099678,12.608360223536522,112,baseline,tdc_residual_z,rolling_oos_standard_deviation,cumulative_sum_h0_to_h
strict_di_loans_nec_private_domestic_borrower_qoq,8,-13.75509128178399,13.348156095533051,-39.91747722902877,12.407294665460789,111,baseline,tdc_residual_z,rolling_oos_standard_deviation,cumulative_sum_h0_to_h
strict_di_loans_nec_noncore_system_borrower_qoq,0,-2.699559961082934,3.761820125721609,-10.072727407497286,4.673607485331419,119,baseline,tdc_residual_z,rolling_oos_standard_deviation,cumulative_sum_h0_to_h
strict_di_loans_nec_noncore_system_borrower_qoq,1,-7.944885354533477,7.471676862058056,-22.589372004167267,6.699601295100312,118,baseline,tdc_residual_z,rolling_oos_standard_deviation,cumulative_sum_h0_to_h
strict_di_loans_nec_noncore_system_borrower_qoq,2,-9.568672599037427,8.828088914599238,-26.871726871651934,7.734381673577079,117,baseline,tdc_residual_z,rolling_oos_standard_deviation,cumulative_sum_h0_to_h
strict_di_loans_nec_noncore_system_borrower_qoq,3,-4.618793050298594,8.931378850557733,-22.12429559739175,12.886709496794564,116,baseline,tdc_residual_z,rolling_oos_standard_deviation,cumulative_sum_h0_to_h
strict_di_loans_nec_noncore_system_borrower_qoq,4,-6.0490713501123885,8.237867375714048,-22.195291406511924,10.097148706287147,115,baseline,tdc_residual_z,rolling_oos_standard_deviation,cumulative_sum_h0_to_h
strict_di_loans_nec_noncore_system_borrower_qoq,5,-7.078908991930251,8.455184725819928,-23.65107105453731,9.493253070676808,114,baseline,tdc_residual_z,rolling_oos_standard_deviation,cumulative_sum_h0_to_h
strict_di_loans_nec_noncore_system_borrower_qoq,6,-5.0515019978036,8.992237802246642,-22.676288090207017,12.573284094599819,113,baseline,tdc_residual_z,rolling_oos_standard_deviation,cumulative_sum_h0_to_h
strict_di_loans_nec_noncore_system_borrower_qoq,7,0.5661591522312914,10.059531835147158,-19.150523244657137,20.282841549119723,112,baseline,tdc_residual_z,rolling_oos_standard_deviation,cumulative_sum_h0_to_h
strict_di_loans_nec_noncore_system_borrower_qoq,8,-0.44699224523587944,10.619230349476666,-21.260683730210143,20.366699239738384,111,baseline,tdc_residual_z,rolling_oos_standard_deviation,cumulative_sum_h0_to_h
strict_loan_core_min_qoq,0,-12.936216667743267,3.630426658560682,-20.051852918522204,-5.82058041696433,119,baseline,tdc_residual_z,rolling_oos_standard_deviation,cumulative_sum_h0_to_h
strict_loan_core_min_qoq,1,-16.311852037522378,5.695566103212528,-27.475161599818932,-5.148542475225824,118,baseline,tdc_residual_z,rolling_oos_standard_deviation,cumulative_sum_h0_to_h
strict_loan_core_min_qoq,2,-22.46943932854726,7.445017718939856,-37.06167405766938,-7.877204599425143,117,baseline,tdc_residual_z,rolling_oos_standard_deviation,cumulative_sum_h0_to_h
strict_loan_core_min_qoq,3,-17.794475198279226,10.668495389098501,-38.70472616091229,3.1157757643538346,116,baseline,tdc_residual_z,rolling_oos_standard_deviation,cumulative_sum_h0_to_h
strict_loan_core_min_qoq,4,-24.85888739376021,14.989609358550272,-54.23852173651874,4.5207469489983225,115,baseline,tdc_residual_z,rolling_oos_standard_deviation,cumulative_sum_h0_to_h
strict_loan_core_min_qoq,5,-21.88649716706267,19.49303708250822,-60.09284984877878,16.31985551465344,114,baseline,tdc_residual_z,rolling_oos_standard_deviation,cumulative_sum_h0_to_h
strict_loan_core_min_qoq,6,-21.339697991665858,22.19551043086743,-64.84289843616602,22.1635024528343,113,baseline,tdc_residual_z,rolling_oos_standard_deviation,cumulative_sum_h0_to_h
strict_loan_core_min_qoq,7,-13.987755116907366,24.229170644432752,-61.476929579995556,33.501419346180825,112,baseline,tdc_residual_z,rolling_oos_standard_deviation,cumulative_sum_h0_to_h
strict_loan_core_min_qoq,8,-20.179364374136664,26.025711976548905,-71.18975984817251,30.83103109989919,111,baseline,tdc_residual_z,rolling_oos_standard_deviation,cumulative_sum_h0_to_h
strict_loan_core_plus_private_borrower_qoq,0,-12.557371580970514,6.1882725137476084,-24.686385707915825,-0.42835745402520153,119,baseline,tdc_residual_z,rolling_oos_standard_deviation,cumulative_sum_h0_to_h
strict_loan_core_plus_private_borrower_qoq,1,-15.738976800479406,7.509039539400578,-30.456694297704537,-1.0212593032542738,118,baseline,tdc_residual_z,rolling_oos_standard_deviation,cumulative_sum_h0_to_h
strict_loan_core_plus_private_borrower_qoq,2,-30.826134957071815,8.28223229461198,-47.059310254511296,-14.592959659632335,117,baseline,tdc_residual_z,rolling_oos_standard_deviation,cumulative_sum_h0_to_h
strict_loan_core_plus_private_borrower_qoq,3,-19.19030665514517,13.117699014482255,-44.90099672353039,6.520383413240047,116,baseline,tdc_residual_z,rolling_oos_standard_deviation,cumulative_sum_h0_to_h
strict_loan_core_plus_private_borrower_qoq,4,-23.494321757484773,17.974479114678246,-58.724300822254136,11.735657307284587,115,baseline,tdc_residual_z,rolling_oos_standard_deviation,cumulative_sum_h0_to_h
strict_loan_core_plus_private_borrower_qoq,5,-17.15636548156558,24.987385561282984,-66.13164118168024,31.81891021854907,114,baseline,tdc_residual_z,rolling_oos_standard_deviation,cumulative_sum_h0_to_h
strict_loan_core_plus_private_borrower_qoq,6,-22.002243423799847,29.103766402168876,-79.04562557205085,35.04113872445115,113,baseline,tdc_residual_z,rolling_oos_standard_deviation,cumulative_sum_h0_to_h
strict_loan_core_plus_private_borrower_qoq,7,-6.522616049990617,32.68250100463185,-70.58031801906904,57.535085919087805,112,baseline,tdc_residual_z,rolling_oos_standard_deviation,cumulative_sum_h0_to_h
strict_loan_core_plus_private_borrower_qoq,8,-13.029783252305677,34.16364273887717,-79.99052302050494,53.930956515893584,111,baseline,tdc_residual_z,rolling_oos_standard_deviation,cumulative_sum_h0_to_h
strict_loan_noncore_system_qoq,0,-2.499428461735584,3.8219458183540613,-9.990442265709543,4.991585342238376,119,baseline,tdc_residual_z,rolling_oos_standard_deviation,cumulative_sum_h0_to_h
strict_loan_noncore_system_qoq,1,-7.678893501632208,7.496467694648282,-22.371970183142842,7.014183179878424,118,baseline,tdc_residual_z,rolling_oos_standard_deviation,cumulative_sum_h0_to_h
strict_loan_noncore_system_qoq,2,-9.258198833399444,8.834560661454313,-26.5739377298499,8.057540063051011,117,baseline,tdc_residual_z,rolling_oos_standard_deviation,cumulative_sum_h0_to_h
strict_loan_noncore_system_qoq,3,-4.312417923413399,8.923040291706767,-21.801576895158664,13.176741048331866,116,baseline,tdc_residual_z,rolling_oos_standard_deviation,cumulative_sum_h0_to_h
strict_loan_noncore_system_qoq,4,-5.87268099863966,8.198360948037223,-21.941468456792617,10.196106459513299,115,baseline,tdc_residual_z,rolling_oos_standard_deviation,cumulative_sum_h0_to_h
strict_loan_noncore_system_qoq,5,-7.008592739650083,8.404297678046673,-23.481016188621563,9.463830709321396,114,baseline,tdc_residual_z,rolling_oos_standard_deviation,cumulative_sum_h0_to_h
strict_loan_noncore_system_qoq,6,-4.8610371410949575,8.948473486522964,-22.400045174679967,12.677970892490052,113,baseline,tdc_residual_z,rolling_oos_standard_deviation,cumulative_sum_h0_to_h
strict_loan_noncore_system_qoq,7,0.7390488824662587,10.059145297344667,-18.97687590032929,20.454973665261804,112,baseline,tdc_residual_z,rolling_oos_standard_deviation,cumulative_sum_h0_to_h
strict_loan_noncore_system_qoq,8,-0.3585530091814455,10.626226118926363,-21.185956202277115,20.468850183914224,111,baseline,tdc_residual_z,rolling_oos_standard_deviation,cumulative_sum_h0_to_h
strict_di_loans_nec_systemwide_liability_total_qoq,0,-2.098947283839943,9.051449351100564,-19.839788011997047,15.64189344431716,119,baseline,tdc_residual_z,rolling_oos_standard_deviation,cumulative_sum_h0_to_h
strict_di_loans_nec_systemwide_liability_total_qoq,1,-8.98392785837102,14.109472258845962,-36.638493485709105,18.67063776896706,118,baseline,tdc_residual_z,rolling_oos_standard_deviation,cumulative_sum_h0_to_h
strict_di_loans_nec_systemwide_liability_total_qoq,2,-22.80599558856115,15.29325992304769,-52.780785037734624,7.168793860612325,117,baseline,tdc_residual_z,rolling_oos_standard_deviation,cumulative_sum_h0_to_h
strict_di_loans_nec_systemwide_liability_total_qoq,3,-17.169352271173686,17.053903610889556,-50.59500334851722,16.256298806169845,116,baseline,tdc_residual_z,rolling_oos_standard_deviation,cumulative_sum_h0_to_h
strict_di_loans_nec_systemwide_liability_total_qoq,4,-18.40571375303596,18.06490688933832,-53.812931256139066,17.001503750067144,115,baseline,tdc_residual_z,rolling_oos_standard_deviation,cumulative_sum_h0_to_h
strict_di_loans_nec_systemwide_liability_total_qoq,5,-18.52064976547164,18.821799904637246,-55.41137757856064,18.370078047617362,114,baseline,tdc_residual_z,rolling_oos_standard_deviation,cumulative_sum_h0_to_h
strict_di_loans_nec_systemwide_liability_total_qoq,6,-23.91240247782425,20.00669764381515,-63.12552985970195,15.300724904053446,113,baseline,tdc_residual_z,rolling_oos_standard_deviation,cumulative_sum_h0_to_h
strict_di_loans_nec_systemwide_liability_total_qoq,7,-13.991843124242074,22.665862021583692,-58.41693268654611,30.433246438061964,112,baseline,tdc_residual_z,rolling_oos_standard_deviation,cumulative_sum_h0_to_h
strict_di_loans_nec_systemwide_liability_total_qoq,8,-16.322243583975755,23.53109351491253,-62.44318687320431,29.7986997052528,111,baseline,tdc_residual_z,rolling_oos_standard_deviation,cumulative_sum_h0_to_h
strict_di_loans_nec_households_nonprofits_qoq,0,-0.7425296923580293,0.6939751757211339,-2.1027210367714515,0.617661652055393,119,baseline,tdc_residual_z,rolling_oos_standard_deviation,cumulative_sum_h0_to_h
strict_di_loans_nec_households_nonprofits_qoq,1,-0.7534487733247153,0.8292018848330412,-2.378684467597476,0.8717869209480456,118,baseline,tdc_residual_z,rolling_oos_standard_deviation,cumulative_sum_h0_to_h
strict_di_loans_nec_households_nonprofits_qoq,2,-1.2223999218673554,0.7551899509533399,-2.7025722257359015,0.2577723820011908,117,baseline,tdc_residual_z,rolling_oos_standard_deviation,cumulative_sum_h0_to_h
strict_di_loans_nec_households_nonprofits_qoq,3,0.7491445177372473,1.1074317054716096,-1.4214216249871077,2.919710660461602,116,baseline,tdc_residual_z,rolling_oos_standard_deviation,cumulative_sum_h0_to_h
strict_di_loans_nec_households_nonprofits_qoq,4,1.718297918091992,1.2891148509805053,-0.8083671898297982,4.244963026013782,115,baseline,tdc_residual_z,rolling_oos_standard_deviation,cumulative_sum_h0_to_h
strict_di_loans_nec_households_nonprofits_qoq,5,2.9811805967876013,1.7692862607336413,-0.4866204742503357,6.448981667825539,114,baseline,tdc_residual_z,rolling_oos_standard_deviation,cumulative_sum_h0_to_h
strict_di_loans_nec_households_nonprofits_qoq,6,2.068198891289557,1.8373781693854063,-1.5330623207058394,5.669460103284953,113,baseline,tdc_residual_z,rolling_oos_standard_deviation,cumulative_sum_h0_to_h
strict_di_loans_nec_households_nonprofits_qoq,7,3.1458360507410834,1.9856639261873548,-0.746065244586132,7.037737346068299,112,baseline,tdc_residual_z,rolling_oos_standard_deviation,cumulative_sum_h0_to_h
strict_di_loans_nec_households_nonprofits_qoq,8,2.738599770096396,1.7901160316556,-0.7700276519485798,6.247227192141372,111,baseline,tdc_residual_z,rolling_oos_standard_deviation,cumulative_sum_h0_to_h
strict_di_loans_nec_nonfinancial_corporate_qoq,0,2.273710847456367,6.058232257229347,-9.600424376713153,14.147846071625889,119,baseline,tdc_residual_z,rolling_oos_standard_deviation,cumulative_sum_h0_to_h
strict_di_loans_nec_nonfinancial_corporate_qoq,1,0.3106926586942991,7.812536059585951,-15.001878018094166,15.623263335482763,118,baseline,tdc_residual_z,rolling_oos_standard_deviation,cumulative_sum_h0_to_h
strict_di_loans_nec_nonfinancial_corporate_qoq,2,-8.18990956703683,6.65396417074098,-21.23167934168915,4.8518602076154895,117,baseline,tdc_residual_z,rolling_oos_standard_deviation,cumulative_sum_h0_to_h
strict_di_loans_nec_nonfinancial_corporate_qoq,3,-7.801339390258267,6.097013089176645,-19.75148504504449,4.148806264527957,116,baseline,tdc_residual_z,rolling_oos_standard_deviation,cumulative_sum_h0_to_h
strict_di_loans_nec_nonfinancial_corporate_qoq,4,-7.953336035100651,7.428942750892559,-22.514063826850066,6.607391756648764,115,baseline,tdc_residual_z,rolling_oos_standard_deviation,cumulative_sum_h0_to_h
strict_di_loans_nec_nonfinancial_corporate_qoq,5,-9.123374835213337,8.376048540101309,-25.5404299738119,7.293680303385226,114,baseline,tdc_residual_z,rolling_oos_standard_deviation,cumulative_sum_h0_to_h
strict_di_loans_nec_nonfinancial_corporate_qoq,6,-14.10180639562353,8.95356576207115,-31.650795289282986,3.447182498035925,113,baseline,tdc_residual_z,rolling_oos_standard_deviation,cumulative_sum_h0_to_h
strict_di_loans_nec_nonfinancial_corporate_qoq,7,-11.204962310442085,9.733315836820431,-30.282261350610128,7.8723367297259585,112,baseline,tdc_residual_z,rolling_oos_standard_deviation,cumulative_sum_h0_to_h
strict_di_loans_nec_nonfinancial_corporate_qoq,8,-10.376274972624362,9.520884879913746,-29.037209337255305,8.284659392006581,111,baseline,tdc_residual_z,rolling_oos_standard_deviation,cumulative_sum_h0_to_h
strict_di_loans_nec_nonfinancial_noncorporate_qoq,0,-2.0698253778271636,0.9332400254657621,-3.898975827740057,-0.24067492791426992,119,baseline,tdc_residual_z,rolling_oos_standard_deviation,cumulative_sum_h0_to_h
strict_di_loans_nec_nonfinancial_noncorporate_qoq,1,-3.0179094394614374,1.8861729251700348,-6.714808372794705,0.6789894938718306,118,baseline,tdc_residual_z,rolling_oos_standard_deviation,cumulative_sum_h0_to_h
strict_di_loans_nec_nonfinancial_noncorporate_qoq,2,-5.53114472045671,2.8962120594893825,-11.2077203570559,0.14543091614248027,117,baseline,tdc_residual_z,rolling_oos_standard_deviation,cumulative_sum_h0_to_h
strict_di_loans_nec_nonfinancial_noncorporate_qoq,3,-5.235086901087078,2.933866704327627,-10.985465641569228,0.5152918393950712,116,baseline,tdc_residual_z,rolling_oos_standard_deviation,cumulative_sum_h0_to_h
strict_di_loans_nec_nonfinancial_noncorporate_qoq,4,-5.420006864613125,3.434900010108204,-12.152410884425205,1.3123971551989548,115,baseline,tdc_residual_z,rolling_oos_standard_deviation,cumulative_sum_h0_to_h
strict_di_loans_nec_nonfinancial_noncorporate_qoq,5,-4.910235688420541,4.00194779148519,-12.754053359731513,2.9335819828904306,114,baseline,tdc_residual_z,rolling_oos_standard_deviation,cumulative_sum_h0_to_h
strict_di_loans_nec_nonfinancial_noncorporate_qoq,6,-5.348483930338277,4.8886731822331475,-14.930283367515246,4.233315506838691,113,baseline,tdc_residual_z,rolling_oos_standard_deviation,cumulative_sum_h0_to_h
strict_di_loans_nec_nonfinancial_noncorporate_qoq,7,-4.267098236858361,5.465694942753834,-14.979860324655876,6.4456638509391535,112,baseline,tdc_residual_z,rolling_oos_standard_deviation,cumulative_sum_h0_to_h
strict_di_loans_nec_nonfinancial_noncorporate_qoq,8,-5.165379311083916,5.849418899265298,-16.6302403536439,6.299481731476067,111,baseline,tdc_residual_z,rolling_oos_standard_deviation,cumulative_sum_h0_to_h
strict_di_loans_nec_state_local_qoq,0,-0.20986553063467228,0.10027562629717762,-0.4064057581771404,-0.013325303092204144,119,baseline,tdc_residual_z,rolling_oos_standard_deviation,cumulative_sum_h0_to_h
strict_di_loans_nec_state_local_qoq,1,-0.43754141757287324,0.2179528168092438,-0.8647289385189911,-0.010353896626755399,118,baseline,tdc_residual_z,rolling_oos_standard_deviation,cumulative_sum_h0_to_h
strict_di_loans_nec_state_local_qoq,2,-0.6170804344557742,0.3291714400577152,-1.2622564569688959,0.028095588057347576,117,baseline,tdc_residual_z,rolling_oos_standard_deviation,cumulative_sum_h0_to_h
strict_di_loans_nec_state_local_qoq,3,-0.5475472686738785,0.3407821094598724,-1.2154802032152285,0.12038566586747146,116,baseline,tdc_residual_z,rolling_oos_standard_deviation,cumulative_sum_h0_to_h
strict_di_loans_nec_state_local_qoq,4,-0.7080132675836778,0.3742138520000627,-1.4414724175038005,0.02544588233644507,115,baseline,tdc_residual_z,rolling_oos_standard_deviation,cumulative_sum_h0_to_h
strict_di_loans_nec_state_local_qoq,5,-0.9220443870806859,0.3292902211152183,-1.5674532204665137,-0.27663555369485815,114,baseline,tdc_residual_z,rolling_oos_standard_deviation,cumulative_sum_h0_to_h
strict_di_loans_nec_state_local_qoq,6,-0.9781685080187429,0.3748031622414475,-1.71278270601198,-0.24355431002550576,113,baseline,tdc_residual_z,rolling_oos_standard_deviation,cumulative_sum_h0_to_h
strict_di_loans_nec_state_local_qoq,7,-1.020496368239776,0.3672643820363327,-1.7403345570309883,-0.300658179448564,112,baseline,tdc_residual_z,rolling_oos_standard_deviation,cumulative_sum_h0_to_h
strict_di_loans_nec_state_local_qoq,8,-1.1596912908640404,0.4065875648784905,-1.9566029180258817,-0.36277966370219905,111,baseline,tdc_residual_z,rolling_oos_standard_deviation,cumulative_sum_h0_to_h
strict_di_loans_nec_domestic_financial_qoq,0,-3.9196500825673573,2.9323691558162923,-9.66709362796729,1.8277934628325756,119,baseline,tdc_residual_z,rolling_oos_standard_deviation,cumulative_sum_h0_to_h
strict_di_loans_nec_domestic_financial_qoq,1,-8.140009085716006,6.558255242439388,-20.994189360897206,4.714171189465194,118,baseline,tdc_residual_z,rolling_oos_standard_deviation,cumulative_sum_h0_to_h
strict_di_loans_nec_domestic_financial_qoq,2,-9.904211560557746,7.968324525180572,-25.522127629911665,5.713704508796175,117,baseline,tdc_residual_z,rolling_oos_standard_deviation,cumulative_sum_h0_to_h
strict_di_loans_nec_domestic_financial_qoq,3,-7.528413460884113,7.166915411317149,-21.575567667065723,6.518740745297499,116,baseline,tdc_residual_z,rolling_oos_standard_deviation,cumulative_sum_h0_to_h
strict_di_loans_nec_domestic_financial_qoq,4,-7.490819111160883,6.4262151836498065,-20.086200871114503,5.1045626487927365,115,baseline,tdc_residual_z,rolling_oos_standard_deviation,cumulative_sum_h0_to_h
strict_di_loans_nec_domestic_financial_qoq,5,-8.380524635493984,6.648402500924265,-21.411393537305543,4.650344266317575,114,baseline,tdc_residual_z,rolling_oos_standard_deviation,cumulative_sum_h0_to_h
strict_di_loans_nec_domestic_financial_qoq,6,-6.519188854330462,7.032012800565629,-20.301933943439096,7.26355623477817,113,baseline,tdc_residual_z,rolling_oos_standard_deviation,cumulative_sum_h0_to_h
strict_di_loans_nec_domestic_financial_qoq,7,-2.0986610604404445,8.378862430857366,-18.52123142492088,14.32390930403999,112,baseline,tdc_residual_z,rolling_oos_standard_deviation,cumulative_sum_h0_to_h
strict_di_loans_nec_domestic_financial_qoq,8,-1.3805333789978627,9.071409236843543,-19.160495483211207,16.39942872521548,111,baseline,tdc_residual_z,rolling_oos_standard_deviation,cumulative_sum_h0_to_h
strict_di_loans_nec_rest_of_world_qoq,0,1.3096652636278543,0.9484871111844289,-0.5493694742936261,3.1687000015493347,119,baseline,tdc_residual_z,rolling_oos_standard_deviation,cumulative_sum_h0_to_h
strict_di_loans_nec_rest_of_world_qoq,1,1.329227090319549,1.080892146942835,-0.7893215176884074,3.4477756983275056,118,baseline,tdc_residual_z,rolling_oos_standard_deviation,cumulative_sum_h0_to_h
strict_di_loans_nec_rest_of_world_qoq,2,1.4638744913917252,1.5594295655407928,-1.5926074570682287,4.520356439851679,117,baseline,tdc_residual_z,rolling_oos_standard_deviation,cumulative_sum_h0_to_h
strict_di_loans_nec_rest_of_world_qoq,3,3.7509962889659514,2.885615407938688,-1.9048099105938778,9.40680248852578,116,baseline,tdc_residual_z,rolling_oos_standard_deviation,cumulative_sum_h0_to_h
strict_di_loans_nec_rest_of_world_qoq,4,2.9032885259143004,3.0901858130205544,-3.153475667605986,8.960052719434586,115,baseline,tdc_residual_z,rolling_oos_standard_deviation,cumulative_sum_h0_to_h
strict_di_loans_nec_rest_of_world_qoq,5,2.832780043635932,3.3874750044713693,-3.806670965127952,9.472231052399817,114,baseline,tdc_residual_z,rolling_oos_standard_deviation,cumulative_sum_h0_to_h
strict_di_loans_nec_rest_of_world_qoq,6,2.7336150832822366,3.744894191350087,-4.6063775317639335,10.073607698328406,113,baseline,tdc_residual_z,rolling_oos_standard_deviation,cumulative_sum_h0_to_h
strict_di_loans_nec_rest_of_world_qoq,7,5.334870444112898,4.269080327366837,-3.0325269975261033,13.7022678857519,112,baseline,tdc_residual_z,rolling_oos_standard_deviation,cumulative_sum_h0_to_h
strict_di_loans_nec_rest_of_world_qoq,8,4.093488216287675,4.436093728411261,-4.601255491398396,12.788231923973745,111,baseline,tdc_residual_z,rolling_oos_standard_deviation,cumulative_sum_h0_to_h
strict_di_loans_nec_systemwide_borrower_total_qoq,0,-2.098947283839909,9.051449351100594,-19.839788011997072,15.641893444317255,119,baseline,tdc_residual_z,rolling_oos_standard_deviation,cumulative_sum_h0_to_h
strict_di_loans_nec_systemwide_borrower_total_qoq,1,-8.98392785837094,14.109472258846006,-36.63849348570911,18.670637768967232,118,baseline,tdc_residual_z,rolling_oos_standard_deviation,cumulative_sum_h0_to_h
strict_di_loans_nec_systemwide_borrower_total_qoq,2,-22.805995588561217,15.293259923047662,-52.78078503773463,7.168793860612201,117,baseline,tdc_residual_z,rolling_oos_standard_deviation,cumulative_sum_h0_to_h
strict_di_loans_nec_systemwide_borrower_total_qoq,3,-17.16935227117372,17.053903610889574,-50.59500334851729,16.256298806169845,116,baseline,tdc_residual_z,rolling_oos_standard_deviation,cumulative_sum_h0_to_h
strict_di_loans_nec_systemwide_borrower_total_qoq,4,-18.40571375303598,18.064906889338257,-53.81293125613897,17.001503750067005,115,baseline,tdc_residual_z,rolling_oos_standard_deviation,cumulative_sum_h0_to_h
strict_di_loans_nec_systemwide_borrower_total_qoq,5,-18.520649765471877,18.821799904637448,-55.41137757856127,18.370078047617522,114,baseline,tdc_residual_z,rolling_oos_standard_deviation,cumulative_sum_h0_to_h
strict_di_loans_nec_systemwide_borrower_total_qoq,6,-23.912402477824298,20.00669764381514,-63.12552985970197,15.300724904053379,113,baseline,tdc_residual_z,rolling_oos_standard_deviation,cumulative_sum_h0_to_h
strict_di_loans_nec_systemwide_borrower_total_qoq,7,-13.99184312424191,22.66586202158357,-58.41693268654571,30.433246438061886,112,baseline,tdc_residual_z,rolling_oos_standard_deviation,cumulative_sum_h0_to_h
strict_di_loans_nec_systemwide_borrower_total_qoq,8,-16.322243583975542,23.531093514912524,-62.443186873204084,29.798699705253,111,baseline,tdc_residual_z,rolling_oos_standard_deviation,cumulative_sum_h0_to_h
strict_di_loans_nec_systemwide_borrower_gap_qoq,0,-1.401676754788427e-15,1.43324180723727e-15,-4.210830696973476e-15,1.4074771873966218e-15,119,baseline,tdc_residual_z,rolling_oos_standard_deviation,cumulative_sum_h0_to_h
strict_di_loans_nec_systemwide_borrower_gap_qoq,1,-1.6632839292828333e-15,1.8664654416203587e-15,-5.321556194858737e-15,1.9949883362930696e-15,118,baseline,tdc_residual_z,rolling_oos_standard_deviation,cumulative_sum_h0_to_h
strict_di_loans_nec_systemwide_borrower_gap_qoq,2,-2.386996570581111e-15,2.2293540828051277e-15,-6.756530572879162e-15,1.9825374317169393e-15,117,baseline,tdc_residual_z,rolling_oos_standard_deviation,cumulative_sum_h0_to_h
strict_di_loans_nec_systemwide_borrower_gap_qoq,3,-1.7077135184506473e-15,2.2522779995830487e-15,-6.122178397633423e-15,2.706751360732128e-15,116,baseline,tdc_residual_z,rolling_oos_standard_deviation,cumulative_sum_h0_to_h
strict_di_loans_nec_systemwide_borrower_gap_qoq,4,-2.500265897607805e-15,2.3814519810630103e-15,-7.167911780491306e-15,2.167379985275695e-15,115,baseline,tdc_residual_z,rolling_oos_standard_deviation,cumulative_sum_h0_to_h
strict_di_loans_nec_systemwide_borrower_gap_qoq,5,-2.184457291948094e-15,2.137311163529243e-15,-6.3735871724654104e-15,2.0046725885692223e-15,114,baseline,tdc_residual_z,rolling_oos_standard_deviation,cumulative_sum_h0_to_h
strict_di_loans_nec_systemwide_borrower_gap_qoq,6,-2.0530221917463357e-15,2.1172843564189438e-15,-6.2028995303274656e-15,2.096855146834794e-15,113,baseline,tdc_residual_z,rolling_oos_standard_deviation,cumulative_sum_h0_to_h
strict_di_loans_nec_systemwide_borrower_gap_qoq,7,-7.286557740415274e-16,1.830024934509342e-15,-4.315504645679837e-15,2.858193097596783e-15,112,baseline,tdc_residual_z,rolling_oos_standard_deviation,cumulative_sum_h0_to_h
strict_di_loans_nec_systemwide_borrower_gap_qoq,8,-6.030130229438968e-16,1.78280135405148e-15,-4.097303676884797e-15,2.8912776309970034e-15,111,baseline,tdc_residual_z,rolling_oos_standard_deviation,cumulative_sum_h0_to_h
strict_identifiable_total_qoq,0,-3.3212742360073477,7.0574160358523566,-17.153809666277965,10.511261194263271,119,baseline,tdc_residual_z,rolling_oos_standard_deviation,cumulative_sum_h0_to_h
strict_identifiable_total_qoq,1,-1.55093125282648,10.590284003470053,-22.307887899627783,19.206025393974823,118,baseline,tdc_residual_z,rolling_oos_standard_deviation,cumulative_sum_h0_to_h
strict_identifiable_total_qoq,2,-9.563593239826258,13.308908218101196,-35.6490533473046,16.521866867652086,117,baseline,tdc_residual_z,rolling_oos_standard_deviation,cumulative_sum_h0_to_h
strict_identifiable_total_qoq,3,2.1646944625925997,20.315036157109137,-37.65277640534131,41.982165330526506,116,baseline,tdc_residual_z,rolling_oos_standard_deviation,cumulative_sum_h0_to_h
strict_identifiable_total_qoq,4,1.6242148598417572,26.983616569507834,-51.263673616393596,54.51210333607711,115,baseline,tdc_residual_z,rolling_oos_standard_deviation,cumulative_sum_h0_to_h
strict_identifiable_total_qoq,5,6.454855383069557,34.50111039473189,-61.16732099060495,74.07703175674406,114,baseline,tdc_residual_z,rolling_oos_standard_deviation,cumulative_sum_h0_to_h
strict_identifiable_total_qoq,6,1.8476544156253993,37.99797025787693,-72.62836728981338,76.32367612106418,113,baseline,tdc_residual_z,rolling_oos_standard_deviation,cumulative_sum_h0_to_h
strict_identifiable_total_qoq,7,15.33496979981166,41.59542207435149,-66.19205746591726,96.86199706554058,112,baseline,tdc_residual_z,rolling_oos_standard_deviation,cumulative_sum_h0_to_h
strict_identifiable_total_qoq,8,9.15206279903046,44.76379442273261,-78.58497426952545,96.88909986758637,111,baseline,tdc_residual_z,rolling_oos_standard_deviation,cumulative_sum_h0_to_h
strict_identifiable_gap_qoq,0,-51.45101110629406,11.612583938530694,-74.21167562581422,-28.690346586773902,119,baseline,tdc_residual_z,rolling_oos_standard_deviation,cumulative_sum_h0_to_h
strict_identifiable_gap_qoq,1,-67.5818703711079,24.5227004267397,-115.64636320751771,-19.517377534698085,118,baseline,tdc_residual_z,rolling_oos_standard_deviation,cumulative_sum_h0_to_h
strict_identifiable_gap_qoq,2,-86.25202441447844,31.722876472819884,-148.4288623012054,-24.07518652775147,117,baseline,tdc_residual_z,rolling_oos_standard_deviation,cumulative_sum_h0_to_h
strict_identifiable_gap_qoq,3,-69.90249529832533,32.384241895324976,-133.3756094131623,-6.429381183488381,116,baseline,tdc_residual_z,rolling_oos_standard_deviation,cumulative_sum_h0_to_h
strict_identifiable_gap_qoq,4,-74.73928102867838,29.50488312747682,-132.56885195853295,-16.90971009882381,115,baseline,tdc_residual_z,rolling_oos_standard_deviation,cumulative_sum_h0_to_h
strict_identifiable_gap_qoq,5,-97.6971133459243,33.62060943038145,-163.59350782947195,-31.800718862376655,114,baseline,tdc_residual_z,rolling_oos_standard_deviation,cumulative_sum_h0_to_h
strict_identifiable_gap_qoq,6,-130.1097942637959,40.99211881285254,-210.45434713698688,-49.76524139060491,113,baseline,tdc_residual_z,rolling_oos_standard_deviation,cumulative_sum_h0_to_h
strict_identifiable_gap_qoq,7,-136.45058127714066,45.31127270500169,-225.26067577894398,-47.64048677533734,112,baseline,tdc_residual_z,rolling_oos_standard_deviation,cumulative_sum_h0_to_h
strict_identifiable_gap_qoq,8,-145.1436729824548,46.820325900599066,-236.91151174762896,-53.37583421728064,111,baseline,tdc_residual_z,rolling_oos_standard_deviation,cumulative_sum_h0_to_h
strict_funding_fedfunds_repo_qoq,0,0.025502521954184565,1.5429489206174247,-2.9986773624559677,3.049682406364337,119,baseline,tdc_residual_z,rolling_oos_standard_deviation,cumulative_sum_h0_to_h
strict_funding_fedfunds_repo_qoq,1,-1.4059708687942065,1.9041785713708108,-5.138160868680996,2.326219131092583,118,baseline,tdc_residual_z,rolling_oos_standard_deviation,cumulative_sum_h0_to_h
strict_funding_fedfunds_repo_qoq,2,0.44025518730402297,2.0460391570745897,-3.5699815605621725,4.450491935170218,117,baseline,tdc_residual_z,rolling_oos_standard_deviation,cumulative_sum_h0_to_h
strict_funding_fedfunds_repo_qoq,3,-1.6630616374285203,2.772894854380317,-7.097935552013942,3.7718122771569007,116,baseline,tdc_residual_z,rolling_oos_standard_deviation,cumulative_sum_h0_to_h
strict_funding_fedfunds_repo_qoq,4,-2.094078491459003,3.8930783379476175,-9.724512033836334,5.536355050918327,115,baseline,tdc_residual_z,rolling_oos_standard_deviation,cumulative_sum_h0_to_h
strict_funding_fedfunds_repo_qoq,5,-0.3024158290697101,3.8604690832194466,-7.868935232179826,7.264103574040405,114,baseline,tdc_residual_z,rolling_oos_standard_deviation,cumulative_sum_h0_to_h
strict_funding_fedfunds_repo_qoq,6,2.57343979876104,4.600727095103919,-6.443985307642642,11.590864905164722,113,baseline,tdc_residual_z,rolling_oos_standard_deviation,cumulative_sum_h0_to_h
strict_funding_fedfunds_repo_qoq,7,1.645485379951091,4.740967836003872,-7.646811578616497,10.93778233851868,112,baseline,tdc_residual_z,rolling_oos_standard_deviation,cumulative_sum_h0_to_h
strict_funding_fedfunds_repo_qoq,8,2.6457859121151017,6.250724970838105,-9.605635030727584,14.897206854957787,111,baseline,tdc_residual_z,rolling_oos_standard_deviation,cumulative_sum_h0_to_h
strict_funding_debt_securities_qoq,0,-0.4464304718753729,1.291862696396096,-2.978481356811721,2.0856204130609752,119,baseline,tdc_residual_z,rolling_oos_standard_deviation,cumulative_sum_h0_to_h
strict_funding_debt_securities_qoq,1,-1.906641850978598,2.4364003209903258,-6.681986480119637,2.86870277816244,118,baseline,tdc_residual_z,rolling_oos_standard_deviation,cumulative_sum_h0_to_h
strict_funding_debt_securities_qoq,2,-0.30807094986501893,3.189701982800326,-6.559886836153657,5.94374493642362,117,baseline,tdc_residual_z,rolling_oos_standard_deviation,cumulative_sum_h0_to_h
strict_funding_debt_securities_qoq,3,0.9269438629821318,3.4057639465913905,-5.748353472336993,7.6022411983012566,116,baseline,tdc_residual_z,rolling_oos_standard_deviation,cumulative_sum_h0_to_h
strict_funding_debt_securities_qoq,4,3.754336608701289,3.3647930637472645,-2.8406577962433497,10.349331013645926,115,baseline,tdc_residual_z,rolling_oos_standard_deviation,cumulative_sum_h0_to_h
strict_funding_debt_securities_qoq,5,6.586385222614523,3.2776844924477926,0.16212361741684944,13.010646827812197,114,baseline,tdc_residual_z,rolling_oos_standard_deviation,cumulative_sum_h0_to_h
strict_funding_debt_securities_qoq,6,5.79518199213806,3.4124119379006466,-0.893145406147207,12.483509390423327,113,baseline,tdc_residual_z,rolling_oos_standard_deviation,cumulative_sum_h0_to_h
strict_funding_debt_securities_qoq,7,4.073486903226543,3.2320285297394733,-2.2612890150628244,10.408262821515912,112,baseline,tdc_residual_z,rolling_oos_standard_deviation,cumulative_sum_h0_to_h
strict_funding_debt_securities_qoq,8,2.9718467451223836,3.0384425570323166,-2.983500666660957,8.927194156905724,111,baseline,tdc_residual_z,rolling_oos_standard_deviation,cumulative_sum_h0_to_h
strict_funding_fhlb_advances_qoq,0,-5.287972399866888,3.153427910716827,-11.46869110487187,0.8927463051380933,119,baseline,tdc_residual_z,rolling_oos_standard_deviation,cumulative_sum_h0_to_h
strict_funding_fhlb_advances_qoq,1,-10.219478360602324,3.538737867191748,-17.15540458029815,-3.2835521409064974,118,baseline,tdc_residual_z,rolling_oos_standard_deviation,cumulative_sum_h0_to_h
strict_funding_fhlb_advances_qoq,2,-15.93458266956921,4.844520070552857,-25.42984200785281,-6.43932333128561,117,baseline,tdc_residual_z,rolling_oos_standard_deviation,cumulative_sum_h0_to_h
strict_funding_fhlb_advances_qoq,3,-15.169599396408334,6.829214601116589,-28.554860014596848,-1.7843387782198192,116,baseline,tdc_residual_z,rolling_oos_standard_deviation,cumulative_sum_h0_to_h
strict_funding_fhlb_advances_qoq,4,-17.639333307635418,7.98192504173956,-33.28390638944495,-1.9947602258258819,115,baseline,tdc_residual_z,rolling_oos_standard_deviation,cumulative_sum_h0_to_h
strict_funding_fhlb_advances_qoq,5,-15.308578350579245,9.572908822717892,-34.071479643106315,3.454322941947824,114,baseline,tdc_residual_z,rolling_oos_standard_deviation,cumulative_sum_h0_to_h
strict_funding_fhlb_advances_qoq,6,-9.599885811891632,12.04705433071417,-33.212112300091405,14.012340676308142,113,baseline,tdc_residual_z,rolling_oos_standard_deviation,cumulative_sum_h0_to_h
strict_funding_fhlb_advances_qoq,7,-5.941433900893635,13.237209657815395,-31.88636483021181,20.00349702842454,112,baseline,tdc_residual_z,rolling_oos_standard_deviation,cumulative_sum_h0_to_h
strict_funding_fhlb_advances_qoq,8,-4.8190380432372395,15.447022817909046,-35.09520276633897,25.45712667986449,111,baseline,tdc_residual_z,rolling_oos_standard_deviation,cumulative_sum_h0_to_h
strict_funding_offset_total_qoq,0,-5.336247784922859,4.135892291292697,-13.442596675856544,2.7701011060108254,119,baseline,tdc_residual_z,rolling_oos_standard_deviation,cumulative_sum_h0_to_h
strict_funding_offset_total_qoq,1,-13.13374527154323,5.353613564906987,-23.626827858760926,-2.6406626843255356,118,baseline,tdc_residual_z,rolling_oos_standard_deviation,cumulative_sum_h0_to_h
strict_funding_offset_total_qoq,2,-15.413600914223151,6.857802339784055,-28.8548935001999,-1.9723083282464042,117,baseline,tdc_residual_z,rolling_oos_standard_deviation,cumulative_sum_h0_to_h
strict_funding_offset_total_qoq,3,-16.10067357768028,9.406321252701446,-34.537063232975115,2.3357160776145527,116,baseline,tdc_residual_z,rolling_oos_standard_deviation,cumulative_sum_h0_to_h
strict_funding_offset_total_qoq,4,-16.763402756182057,10.643785953647724,-37.625223225331595,4.098417712967482,115,baseline,tdc_residual_z,rolling_oos_standard_deviation,cumulative_sum_h0_to_h
strict_funding_offset_total_qoq,5,-9.610320902162487,11.832169388310916,-32.80137290325188,13.58073109892691,114,baseline,tdc_residual_z,rolling_oos_standard_deviation,cumulative_sum_h0_to_h
strict_funding_offset_total_qoq,6,-2.0048378417854096,14.596217680727085,-30.613424496010495,26.603748812439676,113,baseline,tdc_residual_z,rolling_oos_standard_deviation,cumulative_sum_h0_to_h
strict_funding_offset_total_qoq,7,-1.3741966017347225,17.012953962634633,-34.719586368498604,31.971193165029156,112,baseline,tdc_residual_z,rolling_oos_standard_deviation,cumulative_sum_h0_to_h
strict_funding_offset_total_qoq,8,-0.06264078163144404,20.263335421552704,-39.778778207874744,39.653496644611856,111,baseline,tdc_residual_z,rolling_oos_standard_deviation,cumulative_sum_h0_to_h
strict_identifiable_net_after_funding_qoq,0,1.5529270871549983,5.238687546409818,-8.714900503808245,11.820754678118242,119,baseline,tdc_residual_z,rolling_oos_standard_deviation,cumulative_sum_h0_to_h
strict_identifiable_net_after_funding_qoq,1,10.664211669372794,9.834637665893617,-8.611678155778694,29.94010149452428,118,baseline,tdc_residual_z,rolling_oos_standard_deviation,cumulative_sum_h0_to_h
strict_identifiable_net_after_funding_qoq,2,5.470108168888714,12.633899632466784,-19.292335110746183,30.232551448523612,117,baseline,tdc_residual_z,rolling_oos_standard_deviation,cumulative_sum_h0_to_h
strict_identifiable_net_after_funding_qoq,3,17.04311170051183,18.60489864798192,-19.42248964953273,53.50871305055639,116,baseline,tdc_residual_z,rolling_oos_standard_deviation,cumulative_sum_h0_to_h
strict_identifiable_net_after_funding_qoq,4,18.947649503453988,24.037903214200124,-28.166640796378253,66.06193980328624,115,baseline,tdc_residual_z,rolling_oos_standard_deviation,cumulative_sum_h0_to_h
strict_identifiable_net_after_funding_qoq,5,16.32493781234877,30.23277007934451,-42.93129154316647,75.58116716786401,114,baseline,tdc_residual_z,rolling_oos_standard_deviation,cumulative_sum_h0_to_h
strict_identifiable_net_after_funding_qoq,6,4.504135282099014,30.6604347237359,-55.59031677642335,64.59858734062138,113,baseline,tdc_residual_z,rolling_oos_standard_deviation,cumulative_sum_h0_to_h
strict_identifiable_net_after_funding_qoq,7,18.194980204637673,33.094318756019156,-46.669884557159875,83.05984496643522,112,baseline,tdc_residual_z,rolling_oos_standard_deviation,cumulative_sum_h0_to_h
strict_identifiable_net_after_funding_qoq,8,12.869410490424201,34.317217269314305,-54.39233535743183,80.13115633828023,111,baseline,tdc_residual_z,rolling_oos_standard_deviation,cumulative_sum_h0_to_h
strict_gap_after_funding_qoq,0,-55.34389158661477,12.35342035859386,-79.55659548945873,-31.1311876837708,119,baseline,tdc_residual_z,rolling_oos_standard_deviation,cumulative_sum_h0_to_h
strict_gap_after_funding_qoq,1,-78.71353651092026,26.467275118772907,-130.58939574371516,-26.83767727812537,118,baseline,tdc_residual_z,rolling_oos_standard_deviation,cumulative_sum_h0_to_h
strict_gap_after_funding_qoq,2,-100.01665221489348,33.32241691771186,-165.32858937360874,-34.70471505617823,117,baseline,tdc_residual_z,rolling_oos_standard_deviation,cumulative_sum_h0_to_h
strict_gap_after_funding_qoq,3,-85.21801190567854,33.59671615214082,-151.06757556387453,-19.368448247482533,116,baseline,tdc_residual_z,rolling_oos_standard_deviation,cumulative_sum_h0_to_h
strict_gap_after_funding_qoq,4,-91.72250541034254,30.977597934256725,-152.4385973614857,-31.006413459199358,115,baseline,tdc_residual_z,rolling_oos_standard_deviation,cumulative_sum_h0_to_h
strict_gap_after_funding_qoq,5,-107.16330184091296,34.337242748209455,-174.46429762740348,-39.86230605442243,114,baseline,tdc_residual_z,rolling_oos_standard_deviation,cumulative_sum_h0_to_h
strict_gap_after_funding_qoq,6,-130.53639179505842,40.80423975858459,-210.51270172188424,-50.560081868232615,113,baseline,tdc_residual_z,rolling_oos_standard_deviation,cumulative_sum_h0_to_h
strict_gap_after_funding_qoq,7,-136.51324377933338,45.40934761754872,-225.51556510972887,-47.51092244893789,112,baseline,tdc_residual_z,rolling_oos_standard_deviation,cumulative_sum_h0_to_h
strict_gap_after_funding_qoq,8,-145.42979307994756,44.42477736022275,-232.50235670598414,-58.357229453910975,111,baseline,tdc_residual_z,rolling_oos_standard_deviation,cumulative_sum_h0_to_h
