outcome,horizon,beta,se,lower95,upper95,n,spec_name,shock_column,shock_scale,response_type,decomposition_mode,outcome_construction,inference_method
tdc_bank_only_qoq,0,86.08814077380539,25.27141995473617,76.91378655770903,178.46273021278503,119,identity_baseline,tdc_residual_z,rolling_oos_standard_deviation,cumulative_sum_h0_to_h,exact_identity_baseline,estimated_common_design,nested_circular_block_bootstrap_4q_250reps
total_deposits_bank_qoq,0,37.977694851980814,23.64868644238564,18.533147755076495,105.12950063583395,119,identity_baseline,tdc_residual_z,rolling_oos_standard_deviation,cumulative_sum_h0_to_h,exact_identity_baseline,estimated_common_design,nested_circular_block_bootstrap_4q_250reps
other_component_qoq,0,-48.11044592182458,25.543877643105976,-110.90302316729972,-14.172921571377426,119,identity_baseline,tdc_residual_z,rolling_oos_standard_deviation,cumulative_sum_h0_to_h,exact_identity_baseline,derived_total_minus_tdc,nested_circular_block_bootstrap_4q_250reps
tdc_bank_only_qoq,1,115.95916898888741,40.54165065428436,81.64442436688431,239.23190477466022,118,identity_baseline,tdc_residual_z,rolling_oos_standard_deviation,cumulative_sum_h0_to_h,exact_identity_baseline,estimated_common_design,nested_circular_block_bootstrap_4q_250reps
total_deposits_bank_qoq,1,54.73477407890318,58.76473001241558,-2.509598122727199,227.63820545891053,118,identity_baseline,tdc_residual_z,rolling_oos_standard_deviation,cumulative_sum_h0_to_h,exact_identity_baseline,estimated_common_design,nested_circular_block_bootstrap_4q_250reps
other_component_qoq,1,-61.224394909984234,53.374915331781295,-155.62502451946935,53.190240177903334,118,identity_baseline,tdc_residual_z,rolling_oos_standard_deviation,cumulative_sum_h0_to_h,exact_identity_baseline,derived_total_minus_tdc,nested_circular_block_bootstrap_4q_250reps
tdc_bank_only_qoq,2,146.89154006334346,64.08196429590724,98.84227170949558,330.91250416646955,117,identity_baseline,tdc_residual_z,rolling_oos_standard_deviation,cumulative_sum_h0_to_h,exact_identity_baseline,estimated_common_design,nested_circular_block_bootstrap_4q_250reps
total_deposits_bank_qoq,2,57.85894107860278,67.28134498313838,-23.074671487200487,240.13396302469909,117,identity_baseline,tdc_residual_z,rolling_oos_standard_deviation,cumulative_sum_h0_to_h,exact_identity_baseline,estimated_common_design,nested_circular_block_bootstrap_4q_250reps
other_component_qoq,2,-89.03259898474067,61.43490172167638,-225.04615701552183,31.80595829901231,117,identity_baseline,tdc_residual_z,rolling_oos_standard_deviation,cumulative_sum_h0_to_h,exact_identity_baseline,derived_total_minus_tdc,nested_circular_block_bootstrap_4q_250reps
tdc_bank_only_qoq,3,144.51010865008578,72.29323561467513,81.82744634831472,339.2516301964738,116,identity_baseline,tdc_residual_z,rolling_oos_standard_deviation,cumulative_sum_h0_to_h,exact_identity_baseline,estimated_common_design,nested_circular_block_bootstrap_4q_250reps
total_deposits_bank_qoq,3,79.19651719651552,76.2432124734127,4.281964726821886,291.287068639692,116,identity_baseline,tdc_residual_z,rolling_oos_standard_deviation,cumulative_sum_h0_to_h,exact_identity_baseline,estimated_common_design,nested_circular_block_bootstrap_4q_250reps
other_component_qoq,3,-65.31359145357027,60.950123310840276,-166.57580779115364,61.597232235544176,116,identity_baseline,tdc_residual_z,rolling_oos_standard_deviation,cumulative_sum_h0_to_h,exact_identity_baseline,derived_total_minus_tdc,nested_circular_block_bootstrap_4q_250reps
tdc_bank_only_qoq,4,172.8674661880664,87.14792130590925,76.43912886345232,431.5929761708225,115,identity_baseline,tdc_residual_z,rolling_oos_standard_deviation,cumulative_sum_h0_to_h,exact_identity_baseline,estimated_common_design,nested_circular_block_bootstrap_4q_250reps
total_deposits_bank_qoq,4,95.30474128450595,94.14123531701945,-11.18126164236589,363.2075355524613,115,identity_baseline,tdc_residual_z,rolling_oos_standard_deviation,cumulative_sum_h0_to_h,exact_identity_baseline,estimated_common_design,nested_circular_block_bootstrap_4q_250reps
other_component_qoq,4,-77.56272490356045,52.91667363732913,-177.1315877678902,19.960987662159766,115,identity_baseline,tdc_residual_z,rolling_oos_standard_deviation,cumulative_sum_h0_to_h,exact_identity_baseline,derived_total_minus_tdc,nested_circular_block_bootstrap_4q_250reps
tdc_bank_only_qoq,5,174.6857194206256,106.40849918115528,36.62871711847897,446.53666036895,114,identity_baseline,tdc_residual_z,rolling_oos_standard_deviation,cumulative_sum_h0_to_h,exact_identity_baseline,estimated_common_design,nested_circular_block_bootstrap_4q_250reps
total_deposits_bank_qoq,5,77.73069969669018,104.96213481114519,-25.985246733713232,388.27611641827224,114,identity_baseline,tdc_residual_z,rolling_oos_standard_deviation,cumulative_sum_h0_to_h,exact_identity_baseline,estimated_common_design,nested_circular_block_bootstrap_4q_250reps
other_component_qoq,5,-96.95501972393541,55.8912643755859,-209.99296229534056,2.6002963178623046,114,identity_baseline,tdc_residual_z,rolling_oos_standard_deviation,cumulative_sum_h0_to_h,exact_identity_baseline,derived_total_minus_tdc,nested_circular_block_bootstrap_4q_250reps
tdc_bank_only_qoq,6,194.29624566042375,139.4894690890897,19.007420212589068,581.5827885348554,113,identity_baseline,tdc_residual_z,rolling_oos_standard_deviation,cumulative_sum_h0_to_h,exact_identity_baseline,estimated_common_design,nested_circular_block_bootstrap_4q_250reps
total_deposits_bank_qoq,6,59.054409474624606,121.6701952592491,-74.61387221822805,383.3723535114087,113,identity_baseline,tdc_residual_z,rolling_oos_standard_deviation,cumulative_sum_h0_to_h,exact_identity_baseline,estimated_common_design,nested_circular_block_bootstrap_4q_250reps
other_component_qoq,6,-135.24183618579914,61.72736409645129,-270.08004011115185,-23.151722640252896,113,identity_baseline,tdc_residual_z,rolling_oos_standard_deviation,cumulative_sum_h0_to_h,exact_identity_baseline,derived_total_minus_tdc,nested_circular_block_bootstrap_4q_250reps
tdc_bank_only_qoq,7,199.1957353817741,156.61019135469067,0.060530750709649084,625.277004868714,112,identity_baseline,tdc_residual_z,rolling_oos_standard_deviation,cumulative_sum_h0_to_h,exact_identity_baseline,estimated_common_design,nested_circular_block_bootstrap_4q_250reps
total_deposits_bank_qoq,7,69.44597353860638,133.73944200014543,-46.12900499451488,459.44457797351043,112,identity_baseline,tdc_residual_z,rolling_oos_standard_deviation,cumulative_sum_h0_to_h,exact_identity_baseline,estimated_common_design,nested_circular_block_bootstrap_4q_250reps
other_component_qoq,7,-129.74976184316773,67.67703935551363,-254.91029777576108,-4.231135959165303,112,identity_baseline,tdc_residual_z,rolling_oos_standard_deviation,cumulative_sum_h0_to_h,exact_identity_baseline,derived_total_minus_tdc,nested_circular_block_bootstrap_4q_250reps
tdc_bank_only_qoq,8,219.83216429237058,152.76951437011186,15.934003773352826,624.3976382409303,111,identity_baseline,tdc_residual_z,rolling_oos_standard_deviation,cumulative_sum_h0_to_h,exact_identity_baseline,estimated_common_design,nested_circular_block_bootstrap_4q_250reps
total_deposits_bank_qoq,8,73.7367745406378,126.78086601814343,-55.16919570755509,423.75101811982984,111,identity_baseline,tdc_residual_z,rolling_oos_standard_deviation,cumulative_sum_h0_to_h,exact_identity_baseline,estimated_common_design,nested_circular_block_bootstrap_4q_250reps
other_component_qoq,8,-146.0953897517328,75.22175523032966,-287.85194515058447,-2.869222724029355,111,identity_baseline,tdc_residual_z,rolling_oos_standard_deviation,cumulative_sum_h0_to_h,exact_identity_baseline,derived_total_minus_tdc,nested_circular_block_bootstrap_4q_250reps
